0,1,2
13.383922,5.7558312,5.7121654
12.824445,13.1041975,13.46295
13.374929,13.569487,13.473938
8.4258175,12.805729,8.328312
12.604576,12.727741,13.491591
13.826432,13.769376,8.799707
13.090774,7.094221,7.0541997
13.682387,14.330932,8.818764
13.01114,13.240269,8.064426
9.639472,13.569423,9.506649
13.468133,12.946473,13.264198
9.812767,13.456852,12.691975
12.8204565,12.812192,12.390879
9.038191,13.184994,8.938999
8.695225,12.672395,8.579559
13.098235,7.7618284,7.695139
8.674587,13.465435,8.566105
9.025581,12.400278,8.891118
13.096106,12.697852,11.152118
9.017845,13.579579,8.908976
13.05419,12.77762,7.7201138
12.653818,12.385742,8.559898
10.234869,12.578848,10.095609
9.609519,12.259842,9.456499
11.937842,13.116132,12.836634
8.725941,13.418451,8.6239395
12.5617075,12.380706,12.394393
8.194106,12.534248,8.121461
12.750662,12.788476,13.09787
10.094549,13.5556965,9.985199
14.235377,8.57229,8.56059
14.018003,14.437674,12.619015
8.054075,13.887634,7.9804378
9.089389,12.809027,8.98162
9.2818165,13.152071,9.183489
13.1642685,6.801516,6.7561297
13.88671,12.10358,9.279615
9.380449,13.020509,9.233028
13.089438,14.007474,12.725658
13.329007,13.29608,13.760417
9.556938,13.471272,9.425122
9.135471,12.81629,9.005852
8.302792,12.943018,8.184359
12.102762,12.671364,12.313749
9.936062,12.84761,9.828087
10.276327,14.228012,10.156752
9.450714,13.93849,12.474386
14.01759,9.245277,9.220136
10.091981,15.272812,9.979114
10.203541,13.7862,10.056544
8.244562,12.606416,8.119022
8.323877,12.143491,12.926424
13.639265,13.808215,13.399185
9.814461,14.342701,9.714625
9.145813,13.639116,9.037551
8.819804,13.132304,8.708891
13.300608,12.5649395,8.717215
13.43589,12.667715,13.466514
9.145477,12.76908,9.032185
12.604835,12.84211,12.31176
13.603664,13.475811,9.387662
13.203347,12.738352,12.5641365
9.33168,12.740326,9.217688
13.192718,12.937123,13.570232
13.558448,12.91454,7.8637137
14.003832,13.742624,13.410852
13.111647,12.839305,13.274679
12.303768,12.21172,7.764537
8.894752,13.379785,8.754307
8.931479,13.953678,8.810438
7.9722886,12.851486,12.31561
7.713477,12.268148,7.621373
12.513655,12.656979,12.789606
12.847679,12.896353,12.5388565
12.56105,12.379074,12.4084835
8.549157,12.968141,12.725192
12.639919,8.069208,8.041122
8.090223,11.813052,8.007053
12.546557,12.3768425,12.42395
9.849217,12.494946,9.7330885
13.01917,13.091481,7.7706537
10.030846,12.699513,9.89886
9.112178,13.506725,9.010349
12.944413,13.10103,12.848599
13.688414,13.703103,8.374771
13.53114,12.526248,8.704408
12.628497,7.343762,7.283901
8.455356,13.038015,8.365671
8.564714,13.334477,8.436524
12.91704,13.234837,12.403493
9.793455,12.276611,9.6331415
8.292156,13.061102,8.17329
12.700211,13.34856,12.703177
12.926894,13.121683,13.760492
13.336562,13.835089,13.280427
13.01235,12.9928255,7.8899736
10.167378,15.423647,10.0471735
10.412212,13.359819,10.298914
10.559734,14.842724,10.458769
9.597486,14.257378,9.507289
12.671418,12.7651615,13.3688755
13.29784,12.871945,12.08532
11.494623,12.822145,8.276501
8.719994,12.775126,8.615168
12.977324,13.081027,9.26411
8.930701,13.016198,8.810562
13.86954,13.199519,8.728734
13.768416,14.0615015,9.166352
8.7402935,13.700922,8.615626
10.042661,12.5329485,9.911636
10.368894,14.107752,10.256769
12.877821,13.127279,13.015129
10.515589,14.843871,10.376728
8.676027,12.414164,8.545991
10.120107,12.8974085,9.971038
10.010747,14.8774185,9.902641
13.046037,12.7897415,13.752266
13.292016,12.650668,12.3109
12.7790365,13.335062,12.094846
8.435696,12.445491,8.305267
12.929357,12.674339,8.383379
13.242486,12.753266,13.375014
12.41667,12.835321,8.249531
11.931723,13.335876,13.062301
12.8097515,6.539824,6.47747
8.810803,11.946232,8.694515
9.017977,12.95725,8.907319
12.503101,13.161219,8.734754
10.612163,15.052829,10.4765
8.194321,12.027441,8.089285
10.265732,13.343908,10.165866
13.089801,13.0188465,13.305054
9.566612,11.893575,9.429544
8.642255,12.220086,8.530259
12.922185,13.008818,7.9699244
12.767753,12.795245,12.60218
13.134606,12.796752,9.101353
12.957237,12.881324,13.607917
12.965533,13.092906,8.707483
13.063206,6.7800975,6.748387
10.099829,14.118088,9.9694805
13.168759,12.694579,13.35827
9.374423,13.531631,9.254229
12.535698,12.861639,12.234629
8.166538,13.113426,12.739052
9.708184,13.614803,9.595413
13.391735,13.231942,12.698342
13.140733,13.265409,12.578751
10.462288,13.872229,10.336123
8.306814,12.762465,8.170254
9.128979,13.076289,14.5021515
12.926548,12.178892,7.579898
7.7086763,13.314199,12.919865
13.250688,7.5927987,7.581674
9.7419815,14.067037,9.639811
14.680481,14.405195,9.5272
9.572639,11.459742,9.43854
9.947583,11.983055,9.830154
8.92833,13.246688,8.800866
9.033466,13.653871,12.914849
14.1891575,9.477903,9.457661
9.788044,14.362245,9.696282
13.164507,13.577368,9.052754
8.314638,12.298709,11.24444
7.385532,12.556296,7.3086104
10.005471,14.036842,9.903118
12.717522,13.386956,8.303923
9.771335,13.903206,9.661863
8.582607,13.100658,8.495132
13.188445,12.806808,8.3669815
11.729,9.27845,9.253694
9.300779,13.425662,13.451614
13.331954,12.011925,12.726887
9.407942,12.983074,9.278334
8.766855,12.209774,8.67317
9.418005,13.703589,9.291286
8.609611,12.911903,8.517063
9.214855,12.826396,9.099402
8.702021,13.076743,8.574555
8.704728,13.045607,8.621905
13.044863,14.244468,9.40542
13.9142475,13.184907,12.148101
10.105953,13.421187,9.978737
10.305945,14.367268,10.177292
9.929805,14.397495,9.834727
13.692077,13.7073345,8.600199
13.506639,13.752211,12.531163
12.875191,14.13982,9.255369
9.294355,12.904953,9.1812315
12.964114,12.750818,13.246611
9.119541,12.749033,9.002513
8.176074,11.829727,8.049385
10.302099,14.060276,10.207024
13.072463,13.373163,12.66755
7.9382873,12.194448,7.8531823
13.326343,7.6966653,7.650668
13.501692,13.367389,13.445715
13.678307,13.762739,12.967317
13.557107,12.354399,8.728188
12.600844,14.0160055,9.378704
12.677474,14.64544,9.5947485
8.020954,13.480843,7.925156
12.876756,12.699258,8.566492
13.439284,13.20005,8.262871
8.092031,13.314521,13.010132
13.626372,12.953692,8.31966
10.259638,12.8691435,10.14668
9.895645,12.967483,9.773801
9.150636,12.545657,9.036646
7.773566,10.767064,7.6492796
9.225708,12.693886,9.099874
10.214212,13.667445,10.090875
12.92066,7.3141646,7.2663517
14.12031,13.380272,9.424971
8.018211,12.671976,7.8993974
9.175516,12.729002,9.062583
13.108103,13.0744705,13.47017
9.502224,13.714092,9.412355
9.083982,13.384455,8.955743
9.170207,13.96149,9.092351
9.891406,12.410558,9.750973
8.078657,12.685367,7.94852
12.340194,7.469417,7.451982
12.986638,13.31553,8.518295
8.169422,13.471378,12.1657915
9.414179,12.944225,9.272299
8.875878,13.205532,8.790436
12.933158,12.464522,12.894638
7.86853,12.198168,7.776969
7.6911683,13.075237,7.5932703
13.389835,13.079344,8.48912
13.365867,12.945624,7.7012677
8.276781,12.742542,8.170702
12.930005,13.5942335,8.364048
12.600659,6.8028607,6.7737093
12.481638,12.814877,8.2066765
13.145271,12.843117,12.841158
9.364105,12.922167,9.269594
8.95175,12.590523,8.839858
13.129459,12.532448,8.645412
13.94179,13.501157,8.928446
13.501208,13.027593,8.779328
8.075865,12.408896,7.946118
12.8928995,13.261536,13.477462
12.336303,13.130117,13.432199
8.561067,11.455764,8.477646
8.409334,12.316691,8.274099
10.812768,7.184427,7.1713347
7.3310037,9.334938,7.19716
8.1412735,13.087866,8.032738
9.54088,12.637508,9.414421
8.8221445,12.588335,8.675475
13.106574,12.48924,12.330841
12.378108,12.057449,7.7096505
7.132353,9.013625,7.011892
12.863683,13.017283,12.709373
8.69495,12.510331,8.587765
9.44809,12.778038,9.321018
11.990063,12.340846,12.849175
12.738953,10.540967,8.537222
8.018601,8.261772,7.9191647
8.184009,12.447432,8.073406
12.901327,12.658754,12.630112
8.171152,12.791589,12.276851
9.114956,12.547814,9.002449
12.538624,12.369597,12.396797
7.5252814,9.618965,7.394851
13.4372225,12.74181,8.570576
13.673874,12.24797,9.5027895
8.601873,12.577616,8.489548
12.536032,12.369401,12.412789
8.702209,11.500481,8.59194
9.106255,10.824221,13.525717
7.7580132,12.190777,7.6514106
14.12634,8.780212,8.740686
11.8199215,15.771515,10.051121
13.19689,11.634958,12.307294
12.779551,13.005326,11.792196
8.1453285,12.637252,8.042877
8.229704,12.477367,8.110462
8.944316,12.747045,8.815084
12.473563,13.177244,14.347914
9.095039,12.507284,9.000081
12.461815,7.980934,7.932663
7.498703,10.121772,7.3597956
10.890723,14.698245,10.734079
10.680204,15.085091,10.587023
10.164748,14.828908,10.051123
7.6173525,9.913429,7.491729
12.988366,12.119489,8.419781
8.14433,9.727231,8.018856
8.5010605,11.964321,8.387981
8.682837,12.876571,8.566224
9.804653,13.835916,9.699239
10.180429,12.732795,10.040194
13.394024,8.499546,8.437728
8.675823,12.416231,8.557383
13.500284,13.0054245,8.166561
10.071157,13.713402,9.958857
9.021722,12.655607,13.88795
11.277525,8.406069,8.366023
9.151534,12.1141815,9.024328
8.266849,12.904211,8.155842
9.015625,12.776287,8.903692
8.312187,13.265575,8.219988
12.533466,12.77108,12.986509
12.850815,12.989509,9.464626
14.573754,12.3259325,9.562373
8.639565,13.311552,8.522959
9.242895,11.803505,9.127338
8.853287,11.666523,8.73526
13.306379,12.996633,12.944209
9.4705715,12.162113,9.318493
13.611121,9.053194,9.052144
6.9715533,9.004536,6.876175
9.406999,12.129338,9.28618
9.545427,13.15011,13.437262
7.891221,12.504851,7.769489
7.726156,12.696192,7.6191244
11.934083,12.467368,7.7171993
13.260855,13.456967,12.638009
13.658531,13.174556,13.256007
13.233889,12.878812,8.447375
13.306307,12.762617,8.852213
10.381687,14.079531,10.233212
13.782054,8.932755,8.892771
8.580505,12.4323015,8.450664
9.305725,12.659306,9.19805
9.237934,12.542047,9.095669
5.715614,5.729298,5.5967307
9.128129,9.358382,9.026487
12.528829,12.377857,12.418084
13.685755,13.428114,9.094622
9.952784,12.349511,9.839286
13.664294,13.25253,12.776012
14.539106,15.394898,13.861196
10.717067,15.119617,10.580068
9.669229,13.718443,9.55171
14.334529,14.305923,9.698647
10.093885,12.789537,9.964138
8.608689,12.500921,8.507029
8.813344,12.4178,8.72155
13.14787,7.8878565,7.840822
9.013576,13.186378,8.898988
12.533636,12.393131,12.421198
13.270679,12.424698,12.671361
9.384566,12.464961,9.266622
12.168648,12.865712,12.119856
13.802567,13.02614,8.533998
7.906085,12.537152,7.818335
9.8938465,12.543643,9.768106
12.925662,12.787412,8.759801
10.663902,14.108579,10.54786
8.846405,12.479105,8.73077
9.809179,12.860944,9.678744
9.240903,13.748927,9.099365
14.102033,9.451088,9.4313
10.083181,15.3727665,9.955357
10.398967,13.715547,10.28693
7.9228487,11.579314,7.796035
10.457623,13.410574,10.323509
13.034839,6.7601013,6.699941
8.630362,12.724034,8.540037
13.964387,13.84352,10.028632
12.81933,12.3438015,12.635329
12.897756,9.050095,9.015118
8.512977,12.370363,8.392719
9.078391,12.620595,8.960772
7.993641,12.0537,7.880253
7.7742186,12.137428,7.64539
7.6367836,12.66831,12.587681
13.14543,13.083677,8.005432
8.770271,12.249461,8.681929
12.692981,13.216705,13.59504
13.097736,9.164871,9.153154
9.73295,13.892951,9.61592
9.971693,13.380268,9.851417
7.9806995,12.602888,7.834006
9.097021,12.070773,8.956686
12.886473,11.31898,8.14443
8.209488,12.149642,8.09142
12.999174,6.969038,6.915021
9.302555,13.128715,9.171496
9.427272,11.72214,9.255982
13.427948,13.39185,9.265805
10.305355,14.55691,10.168767
9.57926,12.512482,9.433137
7.7310777,9.644035,7.5765634
13.677076,13.414855,12.683354
13.718787,13.142398,8.44847
13.668512,13.69046,13.501899
13.138326,13.121807,12.747699
8.764382,8.634125,9.102444
9.279993,9.155563,9.372057
9.563073,9.320371,9.308569
8.812832,10.2076235,7.5330076
9.617382,9.493126,11.684959
12.972726,12.575303,13.090142
13.133964,13.238876,13.217678
13.926468,9.587582,9.546842
12.556754,12.40419,12.407308
13.948244,7.2264304,7.1756787
9.5871725,9.490187,13.89139
10.394464,10.248301,13.349932
13.033894,12.79756,11.869271
12.854031,12.895252,12.608459
12.562669,12.376389,12.396201
9.360632,9.280467,13.62312
13.65398,12.8204565,9.590052
12.822382,12.756801,12.871211
13.747911,14.035136,14.079189
10.046207,12.874906,9.925724
13.316744,13.330626,13.986771
9.235624,9.139823,14.264986
12.825591,13.214414,13.288534
13.325724,12.76657,13.776752
12.539788,12.400919,12.397285
13.632384,7.1513896,7.121092
8.76842,12.016725,12.415252
13.506403,8.485772,13.116077
12.738919,12.480413,12.613259
12.803363,8.939508,13.083963
13.447551,12.951022,12.65294
14.08689,7.955659,7.914837
13.348698,8.644119,8.605119
12.859499,13.279606,11.827312
12.639992,7.2037377,7.1606264
13.046765,12.755589,7.71888
14.191936,13.836624,9.101941
13.419895,13.956939,13.087246
7.5398803,13.253551,13.233873
14.789957,8.860926,13.979415
12.971187,10.077881,10.095921
10.351955,13.610838,10.230516
13.756082,10.339452,10.351994
12.2109375,8.832968,8.7924795
11.935084,13.9320135,9.221195
10.066636,13.748086,13.362323
13.807976,7.8369336,7.8227544
13.281463,13.712893,8.446047
8.620197,13.029318,13.306861
9.333235,9.265657,13.384725
13.480766,9.12567,13.587617
12.557367,12.396947,12.408499
13.4117,13.170096,12.082774
13.975376,13.629801,11.945413
13.754968,14.097718,9.0376625
13.737041,9.53557,9.491341
13.491909,13.999565,9.215517
8.457049,13.185154,12.460117
12.560289,12.368634,12.391682
13.341968,8.931904,8.910669
8.584941,8.460674,11.694167
9.3464775,9.251528,13.255208
13.075032,13.108342,12.839251
15.487208,16.066187,10.500421
10.375951,10.258031,14.489393
13.504365,13.688292,13.735564
13.351213,13.187954,13.542246
12.932359,13.012562,12.496803
13.375351,7.889838,7.8493185
12.53759,12.37001,12.391438
10.221134,10.120408,15.221903
9.807505,9.7375345,13.824995
12.590901,13.143722,12.243051
13.322743,14.605639,8.999485
13.533193,13.606867,8.370245
14.367193,14.004237,14.295279
12.502493,13.102078,12.729289
12.975779,12.905574,13.033426
13.388725,13.7553835,13.087009
8.410814,8.311633,12.781067
13.183102,8.405691,8.351315
9.211234,9.142531,13.770164
9.290381,9.198914,13.745364
9.049431,13.071683,8.946697
9.718614,13.299079,13.941826
9.441242,13.155982,9.323139
9.772691,12.9209795,9.63744
13.05104,12.769415,13.597925
12.6627,13.017641,8.540434
13.147494,12.838769,8.0972805
13.505773,13.444888,7.725449
14.615782,13.001214,10.031475
13.253943,8.726329,12.64319
10.044282,11.805199,9.913673
11.601165,6.5787888,6.5519466
12.289606,7.544383,7.505026
12.934262,12.91352,13.473327
13.569066,13.637602,12.691519
14.192863,13.484103,12.741159
13.3984165,6.3998013,6.33553
13.977467,13.938712,12.837929
13.369043,12.852648,13.205296
14.06842,13.971075,9.926037
13.309037,13.037992,13.980536
13.1548815,13.085782,12.540782
13.291167,12.973425,12.349987
13.504607,13.046804,13.522262
13.510574,7.363172,7.3027864
13.926074,13.307812,8.875978
12.871165,7.60896,13.436627
9.802113,13.227814,13.544842
13.439994,12.630255,13.237537
8.612484,12.532438,8.47271
12.534806,12.396917,12.408917
13.047538,13.216183,13.037179
14.120747,14.707603,10.044596
13.4170885,12.609474,11.3489275
8.807582,12.520566,8.688752
13.507922,14.503809,9.982887
13.339484,13.262479,8.424033
13.377421,13.306007,11.86023
13.837638,13.935406,13.679369
12.696973,8.6786175,8.651593
9.826155,9.722414,14.051359
10.724588,10.633165,13.793257
13.860304,13.067492,13.020876
12.666833,12.2260275,8.634421
10.919015,10.730597,8.700211
12.600241,12.76718,8.421796
12.51748,7.246275,13.304932
6.999901,6.8878045,7.3656025
8.070408,7.981015,9.310006
12.942677,12.734478,12.582853
8.167378,13.013125,12.292142
13.539492,13.249789,13.412426
13.631,12.228689,13.493715
13.582248,12.120187,12.239811
11.134149,8.608953,8.611079
13.050028,14.023112,9.552039
9.135755,12.604333,13.54892
12.814714,12.705253,13.796645
13.471714,13.433655,13.714323
8.404235,12.386321,8.306988
9.971875,9.846215,14.430379
14.849825,10.56709,10.548725
10.252203,10.164371,14.862273
10.349459,10.243525,14.420855
13.7214575,13.5130415,7.973799
13.522368,7.5202293,7.4871435
12.256541,12.80396,13.281576
11.765968,8.871228,8.847718
12.105687,8.719367,8.719422
12.75293,7.5530195,7.4894686
14.306687,9.881063,9.841973
15.696412,10.487444,10.477808
13.543686,13.203879,12.983767
13.662357,12.909265,8.479891
13.312343,12.617025,12.434872
8.736029,13.364352,13.831452
10.39205,10.301124,13.113024
13.570923,9.539587,9.477302
13.100291,8.655688,8.595925
13.3894205,9.323455,9.3042965
12.864641,13.010106,12.614958
12.633791,8.2458,8.218033
13.396023,9.506893,9.475252
12.7215805,11.642874,8.798757
13.008798,8.343775,8.330113
14.232615,14.517512,13.615085
13.766365,13.2720785,9.528071
13.273694,7.8497124,7.8171883
10.18017,12.723576,10.0213375
13.519251,9.267824,9.231789
12.646558,12.876489,8.570308
13.645706,14.059853,13.213593
12.364339,12.818271,12.582146
13.151651,13.48784,8.281242
13.309096,13.201862,9.234911
13.557646,8.977799,8.944369
13.101613,7.349794,7.2947564
11.994775,13.432588,9.594255
14.1066065,13.645038,13.681918
13.617413,13.445922,8.455987
12.842237,12.710912,13.386831
13.415621,13.616461,12.577361
13.864903,13.586839,8.860752
14.08204,9.223457,9.199808
12.723073,10.096427,10.097589
12.618602,12.781271,9.0271015
13.00762,12.675981,13.056944
13.707458,13.351208,12.804184
13.97355,9.655651,9.669586
13.89131,13.221539,13.733233
13.848543,14.544605,9.728425
13.51325,12.987436,9.741255
9.183708,12.751133,9.02145
12.902563,13.029098,12.793619
12.94958,12.494835,12.7614155
15.577306,15.4121895,10.508684
15.146644,10.696418,10.704303
15.11294,10.051612,10.040943
13.461335,10.171189,14.752508
13.282092,9.094578,9.094049
13.754322,13.108994,8.760771
10.324317,13.617323,10.211341
6.8741217,10.133463,9.7570915
12.9332905,9.136148,9.11994
11.435265,7.6605797,7.6328597
9.26095,13.221776,9.165735
13.702929,12.435149,8.599499
10.007067,9.884419,12.740731
13.334069,12.698408,8.846151
13.290283,13.206918,13.694784
10.146558,12.881828,15.862329
13.086389,7.15567,7.1070848
13.809062,13.910611,9.595197
14.438307,10.198141,10.17339
12.680527,8.954617,8.958348
10.399752,14.070243,10.27672
16.370142,10.882433,10.87329
14.05848,11.396439,9.502875
14.178763,9.905936,13.15406
17.636257,14.64513,10.63076
13.260135,13.425917,7.8672776
13.649413,9.186481,9.172057
13.355575,13.044914,8.5408535
13.7665825,13.5689125,8.100739
13.510568,8.872559,13.68701
11.887851,8.072191,8.0631075
10.390612,13.006147,16.126543
10.280742,10.187031,14.899732
12.526672,12.38249,12.423065
14.177159,10.354284,10.350422
14.065829,14.023657,9.003961
13.330587,13.098139,12.495304
13.363987,13.263555,12.279234
14.184691,13.952207,9.440424
12.762392,12.754231,12.869013
12.55654,12.376064,12.423315
9.897645,9.807636,14.89006
13.711202,7.272157,7.21188
9.522317,12.940603,9.397329
13.341151,13.815751,9.208054
14.049769,8.635082,11.493025
9.288545,13.570925,13.320445
9.970804,9.899638,13.1747465
10.643056,10.569108,16.830849
10.773644,10.628834,15.346014
12.707677,12.569599,12.684643
13.393499,13.4931,8.152161
12.395423,13.606834,9.243256
12.228372,13.357702,8.590712
14.489036,14.218116,9.343056
14.20333,8.581883,8.526924
13.522269,7.7814274,7.7583013
11.772221,12.74445,8.326244
10.298307,13.962961,10.199335
13.815348,9.696356,9.658264
10.568564,16.12041,10.42871
10.54238,14.138761,10.403524
13.585322,9.024426,8.996037
14.660729,10.583633,10.57104
12.848166,12.681846,12.526752
9.759673,12.820483,9.646288
13.483177,9.94693,9.945769
14.307956,14.720674,14.220175
15.287414,10.440349,15.506015
14.379806,9.996447,9.976289
8.586985,12.7623625,8.493841
14.282632,9.802791,9.807967
13.518363,13.765251,8.610721
9.480513,13.365443,9.384151
9.505053,12.944352,13.338854
13.070518,13.288232,9.307534
13.012842,13.147935,12.400415
13.09939,7.1273947,7.0833325
13.878759,13.396215,13.472943
13.230755,10.057986,10.052889
15.113199,10.000487,13.99367
13.201608,9.60042,9.590456
13.427342,8.344227,13.418432
12.824378,9.315309,9.29401
13.068243,13.236766,13.427555
13.116285,12.214094,8.911149
13.544865,13.177791,13.681992
9.494452,9.416522,13.545935
8.970301,8.8457155,12.501202
12.539804,12.377152,12.4255495
13.427244,13.194719,13.115153
15.331587,14.546293,14.21427
9.416063,13.240756,13.150512
13.39446,13.137561,12.863493
12.553154,12.370866,12.412969
12.557576,12.378026,12.394992
12.619997,8.138214,8.108501
9.737209,9.629397,12.129534
12.154029,9.138912,12.95665
11.319994,9.047489,13.635916
13.8172,9.428432,9.380586
12.76399,13.547638,13.196433
8.808929,13.656486,13.1999035
12.9941025,12.200252,12.502422
9.229096,13.13704,13.418688
14.428559,13.906929,9.643323
9.428943,12.723164,12.516727
7.3542457,7.2325354,8.167512
8.417273,8.330537,10.201685
12.840743,9.515811,9.516636
8.606711,8.491077,10.441519
10.964662,8.335673,8.326624
7.713105,7.604553,9.342777
13.107584,13.029784,8.896765
8.3035,8.2049885,11.666046
13.145503,12.594022,13.588339
12.962126,11.95917,11.344069
8.640967,11.66545,11.471239
9.303185,10.717955,9.198624
11.857307,9.499933,9.476904
11.28477,12.682538,8.437378
11.927045,12.759096,12.346544
12.516958,9.231156,12.093143
13.048156,8.917248,8.886951
13.438192,13.113461,8.296005
13.722402,12.905706,9.404942
13.05248,8.679888,8.670173
13.066873,13.257206,12.750136
12.557503,12.380755,12.415096
12.560739,12.374248,12.402618
9.488202,9.372728,13.351009
13.408752,12.686272,8.730262
13.414858,7.930661,7.876549
13.866988,13.594472,13.228842
12.329933,12.043612,12.888095
12.466449,12.390372,8.042354
13.089304,12.392788,13.656116
12.804035,13.320676,13.361998
8.696317,13.228943,8.592544
13.328115,13.034779,8.631743
13.67142,7.0939026,7.02606
13.087563,8.441594,13.396341
13.2993555,8.549723,8.505967
8.864628,11.536745,8.758055
9.999105,12.519241,9.888367
13.590053,9.180149,9.150449
14.3302355,14.167498,10.41174
14.287094,14.368857,10.4343815
13.710256,13.776369,10.125679
13.301244,13.027586,14.937691
12.906954,9.3772135,9.365079
14.800878,9.905828,13.508901
13.36709,9.580152,13.53412
13.127672,13.404037,13.222718
12.930986,8.342863,8.309691
11.923712,8.912044,8.923864
11.770695,13.397164,13.144435
13.710818,13.50107,12.991013
12.6414795,12.696683,13.366856
9.102938,13.484531,8.9903345
13.231393,13.05503,13.387031
13.516087,10.334327,15.749969
12.333517,13.133478,13.707621
13.180336,12.893934,13.133718
13.731949,9.286633,9.259407
13.463391,12.386607,9.522234
9.926685,9.808676,13.063722
13.4768095,13.110217,13.874444
12.880208,12.631034,12.784089
10.386297,8.589625,9.85257
7.9059863,11.003367,10.792427
12.445065,14.29006,14.088565
13.502342,9.603287,9.186866
7.8077188,10.024267,8.573111
9.67584,9.578045,13.390423
12.914061,14.085538,11.200004
9.415595,11.951937,13.729962
9.285154,12.291349,13.603424
10.509574,14.103724,10.394526
12.735416,12.421822,12.769572
9.758134,14.610149,11.563388
9.9709835,9.856989,12.797169
13.671481,9.589186,13.753189
13.770177,9.793131,13.625167
12.21314,8.860298,13.686983
12.827577,12.503715,12.301939
8.551005,12.339847,8.395054
8.7769785,11.665553,8.674568
14.431077,13.72005,14.92057
14.062013,10.203668,14.420414
13.95491,10.255325,10.214319
9.248171,12.335545,9.112875
12.908036,9.621508,12.597176
9.247063,13.762876,9.148959
9.103204,9.024668,12.220871
14.233463,13.966236,9.873373
12.876946,13.096814,12.851948
12.779406,12.506188,13.213704
8.602014,12.679753,13.464644
12.735491,9.098667,9.073353
8.909078,8.845405,12.691562
13.052205,13.063514,13.346434
9.295077,13.166196,13.8169775
7.802159,7.7011127,9.75041
8.4529295,7.304067,7.2734575
8.681063,8.716702,8.553805
8.831026,9.375557,8.72254
8.66952,8.569685,9.893812
9.523075,9.411301,13.433031
9.018058,12.64768,8.890979
10.11792,13.600883,9.982494
10.212548,13.347195,10.091402
12.712645,13.031624,8.522978
13.097884,12.919464,12.500481
13.780164,13.214155,12.243369
13.12431,13.348143,13.952874
9.539957,9.434908,13.21383
9.101564,13.073797,11.508928
13.031367,12.7263365,9.530975
12.531859,7.9929543,7.93294
10.191443,14.760856,12.466581
9.036036,8.940741,12.486044
14.981005,13.480051,10.564277
13.22805,13.13378,12.45645
9.893905,13.301884,14.101337
9.867693,12.958709,9.737143
13.031081,6.775984,6.7483535
12.248391,12.279195,8.302294
10.491379,9.296179,9.270478
13.570216,9.2500925,9.205429
12.049741,7.2358975,7.2003717
8.856485,8.771784,11.507011
8.876108,12.194652,13.442052
12.64797,12.170882,8.949612
13.542198,9.384596,9.368653
12.62044,13.061698,13.539383
12.367392,7.168113,7.1080313
13.533599,9.516923,13.287722
9.198433,12.076772,13.388743
12.155689,12.84204,12.128702
12.90137,12.6122875,11.65541
12.367109,10.758084,8.131237
12.969515,13.24158,12.550383
10.471471,10.338289,13.181152
8.565893,12.186747,13.325751
8.409115,8.284922,11.471479
7.5834055,7.515998,12.210383
8.713416,11.779454,12.941636
13.022633,13.555207,8.3522625
14.702201,9.583962,9.555311
14.972444,10.55932,10.560767
13.150603,13.035863,13.030315
9.644055,9.541499,13.359473
9.239322,9.151348,13.517806
12.513916,12.1419935,12.381847
12.540274,12.392589,12.421173
10.387478,10.296301,14.981918
9.907075,9.82354,14.417141
12.747679,12.720136,12.818654
8.989455,8.852708,10.88979
9.751562,9.631634,11.337814
9.911219,9.764277,11.825046
12.272927,8.781256,8.753965
8.210061,8.13471,11.86227
8.788144,8.692389,12.356954
8.6948595,11.223839,8.582025
10.035538,9.921658,15.025601
14.780478,10.16756,10.143736
10.7432,10.638071,16.003998
10.356374,10.288704,14.576227
13.577599,8.494282,8.448303
9.105663,11.772354,11.770792
11.157774,7.379579,7.372093
10.059814,13.394092,14.842549
9.8793335,12.215662,13.783175
14.077635,9.380009,9.365427
13.10573,12.867822,7.7825093
9.926961,13.638193,13.984673
12.51715,12.999137,12.096093
12.357217,12.422488,12.464272
12.614709,12.29815,12.5280485
10.56741,10.477647,17.003422
8.637678,11.656987,11.8380785
13.408563,12.734918,8.1147375
9.616366,13.887119,9.492426
13.868595,10.015421,10.017096
13.773561,9.299055,13.84716
12.763687,12.6544285,9.111806
12.533794,12.397082,12.425035
13.218375,10.065356,10.028263
12.614408,8.053211,8.028158
15.15011,15.857904,10.350615
12.904924,12.954113,12.009385
13.506156,14.371087,9.448971
12.555703,12.386161,12.424369
12.9518,8.189677,11.474384
9.161311,9.019553,9.381695
10.03531,9.439682,9.463335
8.152237,8.016319,10.477392
8.418619,8.287075,11.585193
7.914083,7.844953,12.320519
8.841579,8.736681,12.072418
7.6850724,7.574661,8.850065
8.21052,8.082174,10.700949
13.350976,13.421764,8.95817
9.69835,9.564155,9.679587
7.9202714,7.8344035,11.417346
13.31589,13.626291,9.802602
12.992628,13.116262,13.428602
10.466833,10.337578,14.738491
8.047979,7.9431458,10.31414
8.209774,8.066175,9.617786
8.648802,8.507064,11.651398
13.393385,14.13367,13.327057
13.357483,12.019058,13.410767
8.552237,8.443123,9.51827
8.0804205,8.004389,8.301469
13.089301,13.124054,12.854848
12.061463,8.375807,8.357906
12.857972,12.862945,8.361077
13.010798,9.313814,13.308395
12.817986,6.781432,6.753227
13.127068,13.401852,11.605933
13.995225,14.276893,11.290331
12.09134,11.143981,9.030418
13.597206,13.116455,8.762255
8.980352,11.027274,11.888149
9.520006,12.913599,9.421503
12.064139,11.822376,9.199917
9.857819,12.600535,13.135226
11.82856,9.706928,9.725957
13.520694,9.894829,14.918989
13.840942,9.621693,9.594711
9.986361,14.6511345,9.84592
13.221519,14.141353,9.472315
12.895036,9.912104,13.662116
13.525374,8.827675,13.50434
13.724545,13.396344,9.857248
12.134271,12.773222,13.580841
13.064427,8.195913,8.179762
13.779015,13.4653635,14.08605
13.124277,12.76628,12.802614
12.989072,9.508442,9.478767
9.394476,11.708597,9.268281
9.38422,11.951779,9.235395
11.839339,9.106848,12.023412
9.389664,13.096051,9.270214
9.57604,9.484563,13.622977
12.5307045,13.057486,12.379989
8.868214,8.764922,12.2309
7.172628,10.390517,7.0497513
11.63166,13.502136,9.506661
14.203517,9.6448765,10.9583845
9.287354,9.145287,11.017232
8.253761,11.136575,8.130817
9.085118,12.161216,8.976854
12.082505,8.784886,8.742401
9.724769,7.0416546,8.822941
13.753246,9.644856,12.745297
13.2042265,13.807326,12.237798
9.268646,9.201397,13.063514
13.058279,8.9430065,13.597071
8.941561,13.104304,8.825429
9.461516,12.96841,9.371363
13.391681,9.690162,13.427125
13.661806,13.342507,12.575587
9.937307,13.407252,9.833197
12.792974,9.67169,14.099057
12.157726,13.876831,9.390384
9.930067,11.372328,14.494794
14.704443,9.456903,9.43867
14.451881,9.910475,9.878614
10.270111,10.138661,13.496
12.650785,12.916259,12.776473
8.9210005,8.853579,11.7590885
12.779688,12.359339,12.2070055
12.49796,12.083372,8.381192
9.751342,12.15415,9.610672
10.031632,9.919076,12.182246
10.19075,7.959857,11.460167
13.460257,9.3899975,12.183958
9.065372,11.781647,11.598481
10.664558,9.708575,9.378967
9.51444,12.090227,9.359785
13.264097,12.711631,13.180538
8.801382,12.105132,8.698353
10.250015,13.601254,10.109424
14.130867,8.027042,7.978235
9.237963,9.143628,12.65674
9.999884,9.8546715,12.203286
12.138468,13.287046,13.237192
12.808278,12.931499,8.59578
12.955299,12.848977,12.635317
13.379559,7.3455753,7.3004923
13.274738,13.482042,13.078561
12.749538,10.110415,10.086869
12.611705,6.533152,6.4780993
8.609883,8.502085,10.5359955
13.637931,13.891385,13.671366
11.447385,12.431315,12.989122
12.742963,8.630763,8.599288
9.454821,12.909895,13.057701
8.646739,13.161941,8.537791
12.076211,12.834843,12.54714
12.921849,13.271442,13.348995
15.098994,14.475009,9.802456
9.563984,13.750606,13.21222
10.120324,13.47798,10.0044985
13.265723,13.11984,13.103571
12.50603,13.0505495,13.612815
12.962187,13.164506,13.05041
9.692611,13.042925,9.595393
13.21495,13.122812,12.733335
12.626446,13.260318,11.913498
9.336201,13.469139,12.421837
9.907048,14.991069,10.609322
15.278637,10.621053,15.614954
10.520798,10.43602,15.362202
9.784053,9.717649,14.168612
14.331523,13.1427145,11.19396
13.7353945,13.642876,13.853302
13.834141,12.012565,13.126469
8.423641,12.196381,8.287172
14.913123,10.611822,10.610622
14.837093,10.075633,13.311798
13.262765,9.597142,9.390754
13.458275,13.20017,13.308984
8.651929,13.400662,13.469393
7.637247,12.5361,7.554251
13.213927,12.7120495,14.180369
12.749343,13.860348,13.165378
13.640382,13.265536,13.082289
9.2272215,13.389107,9.109103
11.927812,12.290076,12.052855
10.088927,14.0727005,9.969968
12.861699,12.794562,13.996956
12.466271,8.528094,13.245434
12.902185,12.976563,12.988091
13.768196,13.452583,8.957481
9.975221,13.5307865,9.855826
13.734806,13.124316,8.582986
13.706232,12.762972,9.476373
8.627843,12.547659,8.522457
9.264608,12.449351,9.146818
12.895279,12.960734,12.308978
13.439234,9.538058,9.536724
11.252643,14.142936,12.795135
10.269067,13.699953,10.171485
14.006573,14.4767685,14.874577
13.212936,13.535405,13.359336
13.645064,13.718831,13.098482
8.905409,13.623367,13.171422
12.698371,12.626443,12.334654
8.129242,10.91917,8.016765
8.516877,10.462021,8.369891
9.417425,13.419481,11.926366
13.136255,12.656221,7.9236717
13.083878,12.666106,12.220387
8.670537,13.43163,12.874571
13.07223,12.670094,12.42816
13.645654,13.297191,8.907485
7.9015236,12.713857,11.4022
14.171571,16.04936,10.139715
9.973007,9.84496,12.730089
8.282418,12.467355,12.946517
12.594731,13.753708,12.488878
12.73616,12.877359,7.6082883
8.595618,12.789729,8.469112
12.71006,13.121296,13.012025
8.944546,11.680302,8.84569
12.962546,13.316381,9.620458
9.667587,12.373742,9.512821
8.634531,13.189475,8.529011
9.755357,12.062294,9.585228
14.520128,10.5051365,10.503838
8.553456,13.127578,13.660937
13.313055,13.508,8.854749
12.963298,12.927394,12.962295
10.069725,13.088124,9.941508
13.047112,13.306454,8.73876
9.666098,13.583508,13.619728
13.916559,13.528464,12.9784155
9.17271,10.874924,9.057629
9.317512,13.408334,13.458243
9.760952,12.509592,9.596278
11.596047,12.536332,12.662421
13.140156,13.023257,13.272259
12.713293,12.597524,12.759522
13.376283,13.960777,9.534403
11.971984,14.424171,9.862299
12.491916,12.980667,9.314172
13.030794,12.857802,8.940911
12.974226,13.63284,13.229422
12.756062,12.75526,12.75643
12.194466,12.001997,8.55317
13.256119,12.079305,12.472095
10.171148,13.209608,13.544758
9.328497,12.140301,14.091105
12.743202,9.552758,13.31951
12.765904,9.794676,9.792012
12.54764,12.971431,12.354771
12.556947,12.402756,12.4059
12.157756,13.2151,9.394695
11.574685,12.0607605,8.031005
8.557246,12.919073,12.350036
12.611948,12.520409,12.229066
12.9080715,13.021136,13.396395
9.2294655,13.280174,9.146791
12.655455,13.234493,12.743467
13.837831,13.585239,9.62874
13.007697,13.50136,13.736973
9.30926,12.852051,13.263011
13.644601,13.266692,13.51896
9.802156,13.154425,14.17071
12.849141,13.782744,11.538299
13.19656,13.286777,13.052757
13.089742,12.50361,11.777329
12.528989,12.389228,12.414949
13.394135,12.37411,12.753709
13.26584,13.339947,8.294294
13.380311,12.959337,13.611571
12.900524,13.206631,13.085001
13.236664,13.151889,13.11744
8.319891,13.054525,12.761642
8.405411,12.485872,8.3287
12.8280945,6.5768185,6.5140495
13.992823,13.536243,9.348917
12.8000765,12.916804,12.389735
15.251055,9.928656,9.914738
13.273934,10.270036,10.263364
12.733975,12.735519,12.729469
9.5220375,13.145595,13.658305
8.2265835,12.300969,8.149523
12.512532,11.903295,8.565193
13.023196,12.707349,9.22192
12.769131,12.034477,12.60274
10.032145,7.401972,7.38113
7.440996,6.429789,6.3868146
9.612797,9.479975,11.944459
9.81488,12.67833,9.695065
8.052429,12.845363,7.940447
13.250696,13.279045,12.922556
13.310107,12.978511,13.301364
13.015966,12.799328,7.8588953
10.372019,13.820409,10.248257
12.535848,12.396362,12.415807
9.168978,11.931384,8.587171
9.342383,13.456643,9.209013
12.703912,12.71871,13.2015
12.619205,8.5938425,8.554862
12.056024,13.138587,12.681411
12.553082,12.393724,12.401295
12.149605,12.7352705,12.975349
14.445792,10.113916,10.114007
13.0960655,12.231124,14.700678
10.387505,13.408525,10.291035
13.201403,13.215527,9.044771
8.329048,12.7970705,8.231585
13.077715,12.913935,12.776418
9.380965,13.338236,9.247474
8.573361,13.133383,8.458625
12.993195,13.119175,12.707293
13.567436,13.425859,13.372922
13.801531,13.423958,9.084981
13.556029,13.004961,13.145441
11.139554,12.732118,12.50122
8.895673,12.942095,8.772156
13.319129,12.909473,9.896696
12.98777,13.087475,11.819143
12.984645,12.655002,8.297104
9.0777645,12.4650545,8.97366
8.324945,12.616589,8.216452
7.913856,12.280353,7.829709
10.720799,14.423702,10.580086
9.78936,14.143598,9.65789
9.634417,13.588141,9.524133
8.026154,7.9048133,9.834708
9.665066,7.0774302,7.05654
8.908511,13.083922,11.938142
12.617346,14.81908,9.378952
12.682005,12.059237,13.126002
13.357723,12.691032,13.605915
10.308939,13.443837,14.93775
11.952273,11.921697,9.148419
9.201493,12.670477,11.235628
13.409582,10.030015,10.0276785
12.779911,13.529232,13.721765
7.9540353,12.658499,7.8455615
11.626318,7.705197,7.665645
8.127424,11.822758,8.026821
9.131582,12.833677,9.019302
8.735125,12.661434,8.626748
12.690827,12.645189,9.273578
9.5354805,13.746149,14.213454
13.71179,9.676156,9.669624
14.045032,13.725131,13.879377
13.906775,13.327229,9.24956
13.0344925,9.684205,12.934108
12.634324,12.9329,7.974156
9.90605,14.249494,9.775747
12.701018,13.01862,12.528788
12.555776,12.385638,12.417462
12.248616,11.942794,11.50006
10.134394,12.784163,9.994354
13.556656,9.586287,9.571038
14.599751,13.773656,13.849674
13.516298,13.64358,13.198638
13.62203,12.900479,13.047108
13.2310295,13.129395,12.475698
13.043465,12.337676,13.729137
10.327595,10.23584,14.063659
14.082893,12.311478,9.735496
14.423803,13.00317,9.9466505
11.394268,13.904281,13.3406
13.123882,13.303059,13.813356
13.244208,13.18091,13.238039
8.799999,12.670377,8.711068
8.60084,11.66426,8.482982
9.214036,12.20425,11.119783
12.6049,10.093607,10.084653
9.004186,13.209478,8.8978405
9.299637,9.211606,12.800681
10.058658,13.377267,9.9521055
8.731318,11.901882,13.601604
12.509363,13.055552,13.179513
12.5264845,12.378877,12.417243
12.460892,12.587413,13.20451
8.118519,11.805442,8.00901
9.253418,12.10034,12.357362
11.956027,12.557434,12.361197
8.198008,12.666519,8.081745
8.586167,12.755809,8.4904785
12.677571,12.806209,13.15393
12.793016,12.061959,13.375219
12.843549,13.054716,11.888214
14.414867,9.247464,9.236969
9.031691,13.611759,13.700367
8.910123,13.684931,13.039023
9.949532,12.923527,9.805549
11.137255,12.371693,10.504187
8.291459,12.599034,8.157555
7.6930857,12.4709425,7.5807877
9.836213,12.344808,9.7139435
9.150445,13.078345,9.040692
12.908724,12.840181,13.049282
12.774183,12.474239,8.5238285
12.806914,13.591345,12.616603
14.497011,10.101194,10.052901
14.298078,9.902444,9.876449
14.803934,13.305296,10.21431
9.438237,12.714214,13.934316
12.553208,12.384812,12.422342
15.645566,10.267046,10.251889
10.394583,15.391943,10.272421
10.686314,10.5755825,14.924696
10.155873,13.8663025,14.355869
12.816019,13.199395,13.713905
14.54836,14.619564,10.229467
9.3018675,13.759898,11.677937
13.658654,13.065504,13.739109
8.418169,12.698294,8.275191
9.374982,14.421769,9.242843
9.331481,13.323044,9.210465
14.495904,13.811316,9.614377
13.488325,12.591958,12.948848
9.968842,12.751209,9.854193
10.724094,14.660117,10.594548
11.739498,11.848372,8.978807
8.735916,12.096166,8.617469
8.506315,12.294385,8.388113
13.126943,13.651698,9.171004
13.591481,10.02943,10.0371275
13.109083,13.346314,13.008506
9.071113,12.292357,8.9471855
13.205249,13.263072,8.71641
9.40814,13.039324,12.669662
10.380562,12.721756,10.240465
13.186259,9.279774,9.2646885
12.949256,8.947036,10.277586
13.367684,8.500392,8.46152
13.446784,13.147854,13.771752
13.179384,12.946259,13.28051
13.886672,9.675209,9.648996
13.475834,10.537406,10.521807
13.7369795,12.863872,12.599819
13.002135,12.557124,9.062054
13.465213,13.689879,9.10688
9.972276,12.950552,9.85026
12.56225,9.6585455,13.157504
13.335482,12.203675,8.610903
13.44302,13.455598,13.83755
9.1352005,14.195588,13.322768
9.971121,13.514325,9.855114
10.535091,10.418664,13.719838
13.53577,9.338301,9.351646
13.054731,11.551833,9.304369
12.95298,12.732944,8.9559355
9.792019,13.242732,12.865102
8.374297,12.400424,8.278673
9.464999,13.349594,11.24073
12.920337,8.275971,8.219231
12.509116,12.850976,13.08175
9.546633,11.30614,9.434748
9.324156,13.191025,9.223013
13.196808,13.323945,8.297846
13.463918,13.088123,12.997948
13.350785,9.213722,9.169924
13.147629,9.710567,9.730428
12.880942,12.038593,13.108722
11.396212,16.07312,10.249287
16.315073,10.237023,10.214328
16.660519,13.933522,10.4437895
10.849915,10.715345,15.555975
15.905486,10.6839485,10.689326
16.16551,10.458997,10.455598
15.610575,13.268075,10.229473
12.314332,8.67808,12.20001
13.5126915,13.229423,9.475821
12.679646,12.94799,9.352177
10.710749,14.479016,10.603143
10.204233,12.192807,15.003557
14.902479,10.639724,10.668392
10.146458,11.629952,10.011104
10.307281,14.755704,14.990145
13.999136,10.155154,15.404316
13.123573,13.723261,9.534201
12.676277,13.555556,8.576011
10.7875805,14.807744,10.675276
12.722325,12.971794,8.040434
11.400221,9.0056925,8.991692
13.675364,9.838577,13.677008
9.807773,11.972995,9.6744995
9.040871,12.111507,8.9155655
10.599012,14.661226,10.49614
15.25333,10.725083,10.729419
13.382194,13.799402,9.21455
12.542628,12.397774,12.409528
13.2430935,13.226955,12.561424
12.916949,7.9672227,7.933653
14.129976,13.708188,9.230163
14.675322,13.970227,14.654563
10.357163,13.983485,14.975121
10.187801,13.07571,10.026333
8.545331,13.176966,8.428767
12.992766,12.979889,9.221944
12.981969,13.105384,8.3574295
12.94982,13.184868,7.477367
8.683762,12.991813,12.177623
7.942288,13.164568,7.8215313
12.495859,12.920549,13.006114
13.293512,13.117439,13.119438
10.307217,10.189935,13.556605
10.119367,13.25373,9.9891815
12.4203005,13.250835,12.397627
12.67242,12.733197,12.969499
7.947619,11.399138,7.8306947
13.856125,13.250987,9.138614
10.411714,14.676138,10.295922
12.584176,12.286222,8.677678
12.908024,12.175771,8.964289
12.368147,12.534552,8.67109
13.553665,8.947646,8.908094
13.351595,13.970703,10.0012
13.014944,13.264481,13.462919
12.543066,12.395466,12.416323
10.741292,15.28934,10.584761
13.412529,13.976974,14.407602
9.544712,13.18601,9.440889
9.453001,9.360955,13.057117
11.543647,12.830318,7.710346
12.525114,11.598238,7.274352
12.136158,8.947157,8.937931
12.619882,13.049192,8.509728
12.993874,13.119386,9.165386
9.509428,9.410906,13.353571
13.446414,8.838327,12.247666
13.454907,13.267165,8.0854435
12.7516,12.396396,13.073836
9.465548,11.6171055,9.347346
9.879549,13.813092,13.750342
9.618046,9.526609,13.582893
13.131866,12.90163,12.114494
8.001425,12.665579,7.911844
13.262843,13.179272,13.415636
8.158087,13.16649,13.155524
9.237231,12.781333,9.116667
10.355125,13.384069,10.246908
8.900693,12.977381,8.786401
9.278377,13.9456415,13.272914
12.549405,12.393749,12.4021015
12.281157,8.942992,11.76609
11.843544,8.987423,12.700104
12.405326,14.280562,12.710116
9.854367,13.702707,13.491292
11.399802,13.724666,9.285654
10.255498,9.538109,9.530926
8.915954,9.28162,7.8059278
12.287545,8.895462,9.555449
8.703418,13.549743,8.590599
13.510478,13.637214,8.475949
12.956168,13.111573,12.592464
8.478566,12.8141775,8.359809
9.560656,13.324121,9.42894
12.417022,12.727852,12.426736
12.559574,12.369848,12.405425
12.552038,12.565805,12.713004
9.1935,12.268835,9.07736
8.324877,10.858272,11.458341
12.732062,13.055663,9.289528
8.780466,12.858205,8.6546545
9.856911,12.927318,9.75025
8.991312,12.52532,8.892269
9.708066,12.214772,13.846649
8.761761,12.798269,8.629597
13.199383,13.117381,7.4891577
9.8707,10.491413,14.294862
8.446584,10.718452,10.183239
10.8915205,14.2417345,10.21663
8.327524,12.829336,8.20484
9.88052,14.473726,9.506722
11.451208,9.240675,13.446951
10.258362,13.050911,10.140075
13.666124,13.566085,13.868546
12.561131,12.36886,12.401872
14.035917,9.298834,9.236092
9.430465,13.069429,9.307232
8.455961,13.301329,8.332951
12.145228,13.357381,9.5510845
9.667904,12.722274,13.312374
8.499903,8.387399,11.551147
12.572473,9.768479,13.173189
12.789243,8.3389015,12.871712
8.780815,8.701813,13.541077
13.579663,10.203902,10.217252
13.161953,13.411861,13.273784
10.078606,13.814679,9.953592
13.532097,8.0322695,8.013672
13.9419155,13.654603,8.838612
13.303463,13.856609,12.848293
13.2558565,13.354832,11.851356
13.17484,12.697399,8.708022
8.699575,12.688418,8.599711
12.564036,13.510322,12.849199
13.699826,12.252825,8.662407
8.572139,10.963943,8.464663
8.497566,10.06941,8.375788
8.324667,10.210307,8.2043085
9.23344,10.474266,7.172392
8.697294,10.015463,6.7992887
8.958939,10.896147,10.899584
8.730323,12.397991,8.621472
13.103013,13.240825,12.528693
8.347809,12.539907,8.234539
10.480997,14.160956,10.345249
14.392829,14.278265,9.197333
13.98789,13.690681,8.775189
11.679329,12.674309,8.829111
10.565428,14.206089,10.447245
9.231294,14.085025,13.073128
13.639302,13.851104,13.771599
8.248283,9.919731,8.101545
14.181621,11.735021,13.827379
13.489948,13.636442,13.694434
9.611628,12.93865,12.150707
11.863829,12.583194,13.158139
12.822066,13.512818,12.835808
12.957102,10.045496,14.8345585
12.350294,13.199653,8.344034
10.832308,8.62816,8.614862
11.90996,8.888041,8.846619
13.05924,9.625491,9.631033
11.182022,11.672293,8.598552
8.215248,12.168564,8.123416
13.612337,12.097035,13.0106945
9.980194,13.2197695,13.818952
12.314111,9.798994,9.81948
10.218367,14.6495695,10.097561
10.357002,15.309557,12.681506
10.536766,15.809086,10.417508
15.451304,10.082069,10.056657
10.0456505,14.556821,9.917636
9.838492,14.203637,9.697987
14.778881,13.902712,10.255323
9.694378,14.431948,9.571861
16.211102,13.930663,10.540011
13.973311,9.804425,12.745957
9.771425,13.891243,9.676829
13.803744,13.315014,9.807704
11.291007,11.909156,9.007583
9.317728,12.670197,11.8608
12.493187,9.662778,13.09694
10.446674,10.307172,14.13814
13.181595,13.161319,13.520952
12.527591,13.704916,12.968218
13.625614,13.280218,8.270638
8.867017,13.294311,8.722176
12.552907,12.380343,12.420259
14.635318,10.567718,10.582411
9.520403,13.930144,9.374723
12.479077,12.486715,12.822356
12.159817,12.724067,13.27501
11.996189,12.519345,8.393876
12.227303,8.260218,8.271069
11.3725195,11.646745,8.935195
8.933781,11.857529,8.791235
12.556014,12.396654,12.403976
13.207563,13.075466,12.557031
11.719489,9.3820505,9.363614
9.091299,11.020841,8.941158
10.329716,10.213052,13.70209
12.823309,12.441109,12.875507
13.424554,9.01789,9.004364
12.286391,12.545622,8.188764
13.445439,13.174317,12.996323
9.237088,12.728,9.143142
14.413704,14.854358,13.314771
13.039425,13.627234,9.655605
8.962511,12.4205,8.806393
13.549956,9.37823,9.337899
12.971032,13.306491,11.646046
12.099801,12.70931,10.732955
13.038464,9.701702,13.780683
8.015005,12.664964,12.0821085
8.841066,12.953036,8.748761
9.455889,13.044966,12.980972
13.630838,12.618119,8.613641
13.979832,12.919266,9.836604
9.442075,13.2454195,9.324497
12.543643,12.37937,12.401839
9.286584,13.20327,9.158962
12.454446,11.900264,13.489869
12.852845,13.437896,12.779473
10.864494,8.573114,11.968828
11.534515,11.926195,12.7551775
12.840202,9.92405,9.914349
13.544743,9.571362,9.577029
10.432348,12.9658985,10.325716
10.237541,12.333991,14.278809
7.8198657,10.668357,7.683096
13.464998,12.844934,9.163413
9.649083,13.750093,13.569574
13.372839,9.663807,9.637949
13.097352,9.35032,13.193207
9.772462,13.485866,13.259389
13.405485,9.952654,13.328365
10.054048,13.074309,9.959306
11.86909,10.713451,12.203047
12.546468,8.206196,8.2050495
11.810349,12.864171,14.028535
13.150075,12.929678,8.016258
9.89498,12.129179,9.769235
9.686525,13.435812,9.589542
9.204929,13.385346,9.085304
13.335758,9.370496,9.345852
11.168031,13.158049,9.716787
11.73893,12.374284,7.8065248
13.010347,13.051659,8.401386
13.577916,12.788539,13.163693
13.272191,14.104262,8.663151
13.29095,12.781632,9.105581
8.992247,13.201027,8.885528
9.965057,13.5218725,13.849045
12.340043,12.453328,12.345453
13.34445,12.765087,11.734161
7.954957,11.017197,7.837094
13.394371,12.866753,9.034148
8.806333,13.550077,8.715729
8.9651165,12.861058,8.862622
13.470451,13.164527,14.084323
14.067675,12.634355,9.082173
6.518072,7.6415324,6.3872523
13.308517,13.257181,13.227579
11.860202,11.957493,9.065035
9.662432,9.545459,10.411011
9.825851,11.930546,9.685491
9.062812,12.556608,10.079519
12.027461,12.445255,12.549677
13.11679,12.16793,8.99248
10.173599,12.899047,10.029606
8.289445,11.372846,11.331697
9.7395,12.542439,9.614535
8.452332,13.0984,12.248851
8.601129,12.539898,10.343131
10.008806,14.0979395,9.874893
9.906231,13.691584,9.782135
14.988827,12.462787,9.960358
8.620907,12.565863,8.509461
12.867124,8.155207,8.133106
13.664138,13.529183,13.485912
9.092984,12.604417,13.01893
10.324975,13.919112,10.178708
10.483583,14.299821,10.353462
8.748863,12.903875,8.638485
12.978133,13.364679,12.437072
8.435315,12.583747,11.958052
12.490235,13.54799,13.596561
13.697313,9.796139,13.74273
11.788145,12.561175,8.761351
13.209451,9.345621,9.341843
13.456087,13.352627,9.623959
9.783296,13.296949,14.391049
9.846236,14.665739,11.898022
12.10055,8.9033165,8.909658
9.898783,13.349107,13.657754
12.965714,8.744078,12.972654
8.44935,13.433638,8.34173
12.087868,13.186274,13.32929
7.6686974,11.627912,7.553966
9.187914,10.245308,9.046384
8.384644,11.784651,8.273218
8.983427,8.687723,7.923043
8.387945,8.833784,8.228587
8.803495,12.070352,8.66352
12.544784,12.436397,8.839758
9.492121,12.43979,9.343349
9.33775,12.596706,9.211737
12.738864,9.397562,12.805533
11.8117695,8.43528,8.411943
8.978307,8.879735,11.510826
8.687977,12.933786,13.081414
12.380225,12.126608,13.182577
10.45802,13.394355,10.329101
13.464605,13.06118,9.303429
12.020072,12.600408,12.491047
12.874691,12.807926,11.885158
13.14149,13.447046,9.672692
11.510048,13.01698,13.515488
13.353048,13.059147,13.557016
13.780667,9.413258,9.382146
9.725139,9.659585,13.33274
9.79634,14.202256,9.679079
10.366646,15.23823,13.85922
12.895066,13.741963,8.665962
8.40406,12.55724,8.282185
13.135653,14.813354,13.419948
9.833031,11.615901,9.727479
13.330942,9.80711,13.082667
9.8534,12.194784,9.708042
13.035037,12.687361,12.702845
9.15933,12.321769,9.029816
10.03842,12.765527,9.939499
13.35248,13.473918,9.085079
10.152041,12.970474,10.000359
12.993944,13.560152,12.731471
15.208445,13.854931,9.936739
10.435144,12.350232,10.333965
8.482971,8.394494,13.049869
8.39394,8.300739,12.138274
9.95266,9.8256445,12.776391
15.152995,10.176739,11.743547
13.05917,11.846567,10.348336
12.792147,12.565887,12.35103
13.084896,9.27963,9.235985
9.645394,13.169144,9.558815
12.649404,12.809438,12.244939
8.615101,12.648454,8.489155
12.807427,12.7815275,12.714549
8.682581,12.589432,8.540283
13.600673,12.73485,9.313358
9.815842,13.05154,9.695567
10.138122,12.254577,9.993736
8.879267,13.892138,8.7957
12.254884,12.082533,8.880736
12.152694,11.766838,12.319194
12.836931,10.626125,10.415835
11.894726,9.528057,9.523287
12.550645,12.587513,7.7223887
9.918165,13.090824,9.812678
13.759188,9.860434,9.853347
13.441494,9.195114,9.170059
13.4122715,9.851994,9.828366
12.375405,12.705723,13.721731
13.638745,9.154589,9.111084
8.323612,12.622475,8.198748
13.603958,14.977108,13.535938
12.553849,12.390334,12.419258
9.750591,13.319751,13.857569
12.953173,12.807435,13.063234
10.129052,10.004335,13.462128
9.956928,13.018044,9.84934
8.411298,10.694226,8.274492
12.95836,10.16864,10.148239
13.475556,10.093987,10.107195
13.198772,12.9542465,13.238979
9.70674,13.7142105,11.500073
13.850466,14.009176,12.797331
10.238,12.602088,10.093149
8.394991,13.187839,12.449349
11.144127,6.935452,6.8925886
10.683868,12.926937,14.205716
8.321852,12.61834,8.21273
9.959896,11.778048,13.284843
13.635378,12.7990885,8.832245
14.226877,14.4144335,10.259858
13.544585,14.277777,13.998167
9.12266,12.7905,13.24394
10.031305,12.445515,9.89769
9.848554,12.3184805,9.698736
14.310129,11.716666,10.006987
8.616263,12.733945,8.46892
12.606954,13.225407,13.338308
12.817488,12.773046,13.751826
9.492812,13.111428,9.383603
8.051358,12.464845,7.9589043
9.288669,13.730164,13.83892
13.730254,9.286985,9.220531
10.369563,13.998939,10.242563
9.70676,13.945557,9.564714
13.999276,13.488432,9.161923
9.936305,12.842978,9.821616
11.79775,12.716134,8.921134
12.922502,13.079347,8.148886
13.969363,13.172771,13.530867
12.0064745,7.6671557,7.633636
9.366398,13.276933,13.644256
8.626898,12.246114,12.919995
9.336105,12.48675,9.201845
13.441359,13.212765,12.143254
13.718546,9.008129,13.227201
10.744644,10.600356,15.7339
10.437405,15.267132,14.705774
11.24862,12.060861,7.6684313
7.8953867,11.102841,7.770452
12.286785,11.747438,12.51934
8.507555,13.013137,8.380263
12.967159,12.309853,14.508224
8.177002,8.052286,11.632564
7.912269,7.834517,12.111765
8.270936,12.482898,8.1161995
9.684473,13.114566,9.594296
12.503729,8.77836,13.356276
9.472207,13.483119,13.097788
12.88873,12.077989,8.321272
12.977596,12.602977,10.113675
13.27584,8.860895,13.643325
9.501172,9.424646,13.166954
13.057444,12.3950205,8.871853
8.816499,11.811725,8.708829
12.918612,9.128068,9.094839
12.8557205,12.552573,8.993685
12.878476,13.17614,13.303318
8.906613,13.0750265,8.780291
9.510022,12.747374,9.3580675
12.201408,12.436505,11.852639
8.87118,12.949916,8.72423
12.566279,9.835941,9.809142
13.559813,12.11398,9.388096
10.725866,10.631327,13.64379
9.110906,13.283677,12.167436
10.714346,10.57327,13.979803
14.168684,10.072945,10.019445
13.5439,9.937794,14.995536
13.352789,13.5657425,14.337462
13.112843,12.746766,9.073485
13.515119,13.329557,12.881015
13.355312,13.290802,8.772656
10.041244,12.144722,8.691672
9.712076,10.3060255,7.7494054
8.342516,11.001275,8.229992
12.535251,12.401196,12.39976
13.231869,15.380542,10.612818
12.732113,9.293086,10.122675
8.400222,8.273767,11.270035
9.132103,9.041981,12.842675
9.213159,11.838625,12.431567
12.5622,12.511562,9.267744
9.0044565,13.665511,12.493318
9.964819,12.664349,9.823139
7.7430105,12.568027,11.363321
10.474353,14.561011,10.345259
9.939993,14.113963,13.657701
12.777585,13.22006,9.101387
8.738374,12.721332,8.632051
9.811469,7.558771,7.555666
9.06202,8.947382,12.071659
9.747487,9.685759,13.920354
12.768187,10.382767,10.380594
15.027591,13.084783,13.475469
14.585488,14.84517,10.191462
10.2185545,13.657568,14.703166
9.254267,13.6842785,9.159023
8.4413395,8.368043,12.274058
8.32756,12.404705,8.203108
13.238397,12.415422,12.410707
12.985342,8.7380085,12.667599
12.928904,9.315899,12.904358
13.095683,12.996874,13.956827
14.184787,9.493944,9.466293
12.996994,12.616984,13.353624
9.089642,12.731199,12.489924
13.092856,12.551688,8.336695
14.316379,9.104309,13.317271
8.390004,13.151787,8.277203
12.640062,12.18938,8.103744
10.142647,13.780933,9.994691
7.972175,13.0092125,12.462397
12.244351,14.327484,9.355581
13.489152,9.332849,9.343633
10.537845,10.430797,14.634483
8.342912,12.834681,8.219536
13.943609,12.132521,9.829026
9.2895775,11.944051,9.158978
12.428007,8.812298,8.763886
10.061512,14.52836,9.950399
8.588282,13.801684,8.452358
8.80908,12.410672,8.694794
10.467647,10.347812,13.541502
8.542743,11.797159,8.416765
9.452947,12.160877,9.29158
8.839073,13.000462,8.719529
9.435539,12.989406,12.546211
13.398475,12.462397,9.206619
12.7899,10.268953,15.587595
13.424819,13.151965,12.942497
8.999214,11.830881,8.900568
11.871555,12.794567,9.236888
10.07261,13.735005,13.794617
9.581432,12.26251,9.470907
8.9197,9.880306,8.802171
8.443527,12.927334,8.329757
8.263227,12.250813,8.157093
13.874271,12.659449,13.422409
14.373669,14.091832,13.872154
9.609323,13.817845,9.461537
12.60882,12.773476,8.504796
13.430967,12.563424,9.471956
8.68669,12.774396,11.946256
7.816808,12.639128,7.699187
13.692496,13.240478,13.140427
12.362396,11.881322,12.079365
10.615961,10.516935,15.984303
13.112264,13.076548,9.129976
13.808267,8.558629,8.499477
8.928148,13.002491,13.4107685
13.250028,13.658789,8.821373
8.805128,13.915968,8.714881
8.372435,12.209286,8.246676
8.045401,10.910559,7.8844757
8.779498,12.071399,8.690145
9.982346,13.487068,14.419797
12.733674,9.650646,12.375644
13.289178,9.7703285,9.732005
10.208014,13.799669,10.091518
8.4263525,12.42801,8.309871
14.024921,13.464357,9.784424
9.515674,13.623692,9.399141
12.559193,12.386474,12.410682
13.029966,12.806022,12.877994
8.955895,13.138335,8.841339
9.046893,12.898032,13.70326
11.265985,12.459684,8.469727
12.930416,12.567286,12.93282
13.09802,12.971948,12.496912
7.9978147,13.264502,13.081811
10.101313,13.305326,9.983171
10.130899,13.848816,10.015575
9.100467,13.414004,8.96967
9.031004,13.448197,12.774941
13.050032,8.388641,8.341223
9.742156,14.546451,9.643624
12.400673,9.4726515,9.463182
9.067771,12.616195,8.959602
10.158878,13.832806,10.023695
12.593199,12.31331,13.444937
8.196947,11.444544,8.080366
13.5099535,9.006521,8.988495
12.606763,12.755401,12.871465
13.489414,13.165276,8.737006
8.812313,13.391122,12.880859
13.012827,12.177872,9.316761
13.065348,13.726836,8.759935
11.589999,7.372313,7.349887
12.325287,9.4418335,9.431068
13.059894,12.056851,8.4542675
11.925999,12.897132,9.597336
9.385292,12.057775,9.279194
12.276879,9.974671,9.945001
12.9155655,9.178749,9.188709
12.005411,9.211488,12.564493
9.0776205,13.126677,8.935621
12.560702,12.383819,12.412022
8.476181,12.587882,8.370045
8.545275,12.570342,8.417981
10.371425,14.205891,10.252834
8.899262,13.542212,12.403248
8.995462,13.452328,8.909871
12.381005,11.332626,13.40049
8.716982,12.438276,8.620808
10.710448,14.173111,10.587797
13.937068,16.406155,10.381293
13.099954,9.124623,13.223673
10.329627,13.141218,10.208216
8.720413,12.410701,8.601835
9.154893,12.697283,9.06456
10.767881,7.6185927,7.5714345
12.753785,9.668252,9.658266
12.129026,12.690696,9.279072
9.140585,11.283797,11.869801
14.085481,12.287742,13.793581
9.3824215,13.5193,9.27456
14.564403,9.98905,12.746062
9.603531,12.87012,13.096803
9.288526,12.206633,13.321736
9.281815,9.184229,12.866322
11.690406,12.407613,9.292662
8.82635,12.275268,8.71451
12.007681,9.615834,13.551245
12.999009,9.395045,9.370199
9.388548,9.27895,13.155983
12.000357,12.053583,8.207736
12.178959,12.646621,7.945588
8.22567,10.871355,8.086124
8.016726,9.289927,7.881613
13.073651,12.497656,8.510041
13.261534,13.372092,12.518496
11.169805,12.1547,9.161341
13.365035,12.827401,8.792236
13.395253,10.569099,15.882049
10.049514,9.976338,12.551996
12.315112,11.245712,12.531127
9.897911,13.17308,9.773925
9.597563,12.960025,9.482767
10.649189,14.729523,10.519387
14.498969,13.84511,10.079632
9.702694,13.763941,9.582762
10.371109,13.645222,10.218203
8.478905,13.060252,8.374758
9.4222765,13.654426,9.296641
13.123037,8.863659,8.831835
9.461327,12.477664,12.961792
13.332041,13.179205,9.47518
10.152261,12.722866,10.027264
9.822941,13.808014,9.69833
9.592182,12.915413,9.450561
9.322878,12.914536,9.214081
12.845712,12.996727,7.9967422
8.194907,12.558477,12.2257595
9.226639,13.209228,9.104692
11.116485,8.917703,13.553171
13.191829,12.976115,8.151653
13.03276,12.643945,13.152492
8.827037,12.044848,8.7355795
9.821703,12.810242,9.67947
8.198179,12.799173,8.072572
9.221854,12.624031,9.068893
12.959726,12.773831,12.012035
10.106251,14.690559,13.874377
13.809487,13.088088,12.503296
10.278856,14.405469,14.403676
12.870088,7.5493293,7.4953027
10.924378,11.052631,13.85188
13.045425,9.017004,12.96645
13.245274,13.532775,12.548216
15.97597,15.439481,10.517011
15.33467,10.459646,10.435184
13.336867,9.746792,9.722334
12.054743,12.477766,7.506464
15.694245,15.096739,10.269667
13.60354,12.518789,9.042599
8.741164,8.666138,12.7945385
10.109549,13.334841,9.982792
12.547919,12.382128,12.403862
12.715618,12.982619,12.884806
9.923735,13.508114,9.844183
10.441502,14.173602,10.302935
9.956743,13.89166,9.834516
9.577086,13.717614,11.565644
13.47327,9.567768,9.554197
9.421752,14.098806,9.329403
9.47226,13.278022,9.34779
8.917139,13.496205,13.566964
12.820738,13.7021675,11.99658
11.799892,13.741625,12.911646
12.875924,10.868926,8.906407
13.341356,8.59477,13.070966
10.066271,12.624345,9.920832
13.337289,12.689717,13.4165
9.12879,13.467794,9.009325
13.0869,13.335121,9.073631
11.436081,13.119269,13.062317
14.069736,9.919758,12.015454
13.272105,12.807643,12.904921
9.615638,13.033119,14.357967
7.805127,12.538338,7.7113757
9.764177,12.328936,9.64093
12.393395,12.706669,9.726124
9.035917,12.879418,8.93322
14.018777,13.424566,13.5441675
13.4827385,13.0159235,12.842905
12.986484,12.723216,8.736053
12.675055,12.76575,8.86945
8.284622,12.394965,8.198658
8.252667,12.530134,8.133062
8.489731,12.374175,8.3437805
12.811615,12.547129,8.86958
12.542076,12.40042,12.4033785
12.859049,13.911758,13.913719
9.317402,12.20371,11.440316
12.59733,8.986761,8.972979
9.293747,9.182878,12.73298
12.716243,12.436672,12.940075
13.818101,10.004277,9.971336
11.843527,12.783035,12.370191
11.9728985,12.377184,11.74803
12.299696,12.388143,9.426428
12.582785,9.084973,9.065281
12.645906,12.87212,9.916864
9.266751,13.478532,9.171952
9.452772,11.751063,9.301026
9.452926,13.126779,13.976985
12.600258,12.912703,8.411967
12.164396,6.9978404,6.9432783
8.881861,11.572134,8.747215
11.990631,12.543776,7.4215136
12.951459,8.003223,7.960283
9.113924,12.483588,8.982208
8.538155,12.7990055,8.428879
10.620116,14.270137,10.490841
13.131307,13.583138,13.048578
13.494899,13.362289,8.840804
13.25237,13.4329605,13.782961
14.16557,15.522535,10.280224
8.4212265,12.534933,8.318291
8.933581,11.952502,8.817698
8.812813,12.742772,8.681163
9.412727,12.987796,9.287748
13.115851,10.177843,10.151365
12.548378,13.707628,8.9274
9.588322,12.36759,9.478462
13.899998,12.464028,9.215921
12.836078,13.940339,8.285528
9.123071,12.774575,12.846108
10.147545,12.475905,10.044846
13.214346,13.020749,9.737401
9.130928,13.074659,8.987624
10.077226,13.278192,9.935463
12.39639,12.430678,12.093698
12.68177,9.76038,9.77659
11.497203,12.283633,9.053662
12.880866,13.563389,9.11544
9.752409,13.776083,9.647757
9.766752,12.731212,13.010118
9.307073,12.863883,13.337192
12.800433,12.316944,11.344002
10.259817,12.782475,10.174662
8.730326,12.814251,8.629857
8.445049,13.173737,12.405667
12.858612,13.210232,8.776827
9.27533,13.215373,9.143009
8.292186,12.999253,8.17593
13.410284,12.8357525,13.018089
7.6206083,12.889982,7.502548
9.385879,12.668426,9.269225
9.968449,13.242299,9.833513
9.90494,9.7449255,12.8872
9.203281,9.129852,12.776187
10.412255,12.893412,10.295541
13.031977,13.721709,14.093326
13.2040825,9.833892,9.858244
13.276515,14.0541115,8.335394
9.699912,13.728197,13.738827
8.526856,12.601283,12.497967
14.28237,13.158732,9.107556
13.739529,13.916748,12.161372
13.3335,13.418203,12.58345
13.004049,8.233379,8.20252
13.850051,9.984071,9.977236
13.505651,11.676709,8.590449
13.707324,13.329951,9.355668
9.724897,13.871017,12.901924
9.041782,12.255916,8.926578
12.158094,14.172047,10.056502
13.6735115,13.504439,9.573333
12.549501,12.401044,12.419029
8.656021,12.577129,13.222448
8.767349,12.695771,8.625546
9.607524,12.938664,13.283468
8.6197405,8.5331955,11.40021
14.402263,10.059746,10.030466
13.642109,9.599855,9.588228
13.278337,13.327291,12.609291
10.286391,12.553549,10.137394
10.036579,12.968048,9.922558
12.832424,12.523932,8.2218895
9.836289,13.574362,9.689289
12.11399,13.511214,12.960287
9.414262,12.364124,13.677019
7.8139434,12.352324,12.466724
9.561228,11.432449,9.414974
12.703898,12.546842,8.497601
11.700461,11.855147,9.040972
9.800584,11.891311,9.714767
8.5401745,10.794336,11.955302
9.68039,9.545965,11.938034
10.170752,12.635191,10.045254
12.6058445,14.703815,10.005713
9.517115,12.975531,12.182213
9.281131,12.913116,13.346678
8.736774,12.3948555,8.620744
12.257901,12.652679,8.414024
13.560021,13.386016,9.449507
10.145498,12.420019,10.024908
12.568205,12.428224,8.212641
9.215536,12.5825,9.113128
8.990457,13.516907,8.887615
13.105069,13.322862,13.425179
13.33618,13.601507,9.491711
12.619981,12.586822,13.391762
9.357112,13.423155,13.894927
13.557652,13.361902,8.630196
8.4804535,12.045338,8.404015
9.841507,12.400864,9.700144
12.890763,13.250734,13.891795
10.184412,10.078983,13.675201
10.099735,12.835027,9.961431
12.738304,12.395407,8.989538
9.151825,12.384647,13.251667
8.947907,13.663331,8.860218
10.105157,13.521772,9.953891
13.605326,13.172257,12.474164
12.384201,13.895895,8.638454
12.607828,13.010024,9.458011
12.634638,9.526751,14.878732
10.920338,10.755976,15.44692
16.709421,10.482347,14.746146
14.318457,13.358137,9.565884
14.175012,10.142672,10.163372
10.594269,10.499003,14.486601
13.711237,10.149686,10.141236
10.040342,9.913675,13.848564
9.644379,9.538351,13.802101
10.712538,14.370037,10.556235
9.701509,14.078253,13.709024
14.901892,10.1300745,12.896202
9.277584,9.174476,13.053773
13.629966,9.684343,12.944442
9.311708,12.567744,14.032854
11.886636,8.854976,8.839748
12.890074,9.787258,9.783077
13.52466,12.902245,13.281109
13.041112,12.839674,7.9951887
9.690748,13.551573,9.571451
12.480746,13.128015,11.5688
8.498232,11.346786,8.379192
9.041855,11.632555,8.901836
8.921341,11.926462,8.806498
9.93016,12.251886,9.769989
9.728475,12.655266,9.594258
10.166739,10.010891,13.231424
9.591547,12.327316,9.458405
12.266076,12.405583,8.832273
12.752286,6.4206824,6.3537564
9.857333,13.778034,9.782309
8.127379,12.725633,8.020973
12.371797,11.816186,8.86816
12.778701,12.577435,13.012229
13.325293,8.029338,7.971006
11.617409,10.941467,8.20064
12.809071,12.620643,8.652393
9.990026,13.159598,9.872541
13.287879,13.216574,12.517766
14.610616,14.522524,10.054844
13.756788,14.5396805,9.970736
13.618326,13.649695,9.846632
12.455847,8.674737,8.659592
9.504855,12.029283,14.208823
11.761892,13.107807,9.41107
9.656447,14.2265,12.468724
13.58847,12.928141,9.118341
8.206343,12.408693,12.984707
7.8804493,12.439323,7.7369614
8.129768,11.894118,8.032632
9.554583,11.674454,9.4355545
13.390827,13.469184,11.674193
9.361875,13.146653,9.272223
11.284195,9.508447,9.518072
12.944719,9.932812,9.907574
14.937342,10.151819,14.974787
13.792839,10.540644,15.336478
12.556227,12.383119,12.419543
10.749702,7.6284695,9.885267
12.127047,8.818546,12.299882
8.616093,13.378668,8.4774685
10.345343,13.840775,10.228346
8.713076,13.463999,8.598197
12.637774,12.674399,13.309656
8.55345,12.570547,8.434099
12.680982,8.513204,8.468928
14.8870535,10.223089,10.184687
8.332142,13.213479,8.241282
13.910138,13.771243,9.307306
9.103339,12.790071,12.853209
9.1048155,13.076529,8.974015
9.955994,13.782812,11.258224
11.904766,9.1708975,9.150408
14.484769,10.332694,10.308382
9.699251,12.236638,14.710569
8.784458,12.370848,8.6796055
9.870982,12.86024,9.754677
13.83729,8.9647255,12.862961
12.50955,9.607629,13.056293
8.938956,10.497423,8.803724
10.375148,13.590427,15.305275
13.041985,12.836314,8.708934
12.793682,9.211098,14.086269
12.823157,11.252051,9.130648
13.141224,13.889779,10.055501
12.91917,13.0342865,8.126649
13.352445,12.999477,12.867257
13.300938,12.653891,11.298341
10.00704,13.081414,9.868156
10.059856,13.331,9.95588
9.531957,13.819852,13.737423
11.920429,8.989454,12.916852
8.979196,13.636382,8.908335
13.111051,13.00169,12.671041
9.425041,13.05099,11.973928
8.394211,12.496386,12.846234
9.11804,12.899929,9.007458
12.84877,12.865806,12.58744
9.16632,11.294785,9.030302
9.058413,12.914476,9.101533
12.715986,7.437914,7.39213
13.265452,12.897068,13.4009495
13.795193,8.967442,13.548255
10.347194,12.796659,10.220593
13.218884,13.580623,13.744498
12.137731,12.470733,9.1006775
9.89731,12.90405,9.771502
14.707268,14.024776,10.329246
13.586235,13.690104,9.885758
12.930038,12.861469,12.82596
14.494076,11.390164,12.403458
11.884541,11.190765,9.035155
13.813466,13.420469,9.233453
8.915308,12.634076,8.798493
9.299953,13.038326,8.9191
13.688984,12.865198,13.138901
10.733583,10.600298,15.141197
12.940956,12.757084,13.946983
10.254808,14.229392,15.087609
11.24086,9.194075,11.766555
11.591039,8.642086,10.6594305
9.318618,12.349921,11.658845
9.662331,12.2061,9.545692
12.557943,12.39617,12.410558
10.214398,12.6090975,10.044972
11.402628,9.313378,12.243992
12.347073,11.269084,13.248004
10.823962,7.7163982,7.6685824
10.774679,8.057882,8.0101
12.3057995,11.466751,9.017857
12.55525,12.963948,12.937529
9.749441,13.398012,9.661157
12.667642,13.018529,12.521912
10.830514,14.880069,10.705898
10.95286,14.874777,10.833798
12.641042,12.626745,13.238809
9.525882,11.758806,9.4292965
9.1595745,12.555051,9.047871
8.351933,12.850774,8.23498
8.493162,11.319865,11.838828
7.7852383,9.875331,7.65802
9.129843,13.003421,13.148062
13.755486,13.581474,9.689201
13.369274,13.351391,7.8796
13.989217,13.114175,8.343049
13.490683,12.995433,13.919723
9.167897,12.568263,9.058994
9.055061,13.523908,8.927298
13.12679,13.100256,9.249622
12.833448,12.579237,12.989033
8.981723,13.119095,8.851971
9.564802,12.183556,9.408948
10.853003,8.154403,8.13434
13.409441,13.74874,8.491369
13.479951,13.714374,9.193645
15.73791,13.989959,10.272783
9.621481,13.772419,9.5079155
8.560392,12.978933,8.468487
13.891088,12.278285,13.775229
13.182688,12.96457,12.130658
13.300282,12.7199,8.558531
10.295924,14.357002,14.09988
8.547264,11.215394,8.41615
14.15332,12.448881,9.304443
9.769957,11.685399,14.031404
12.879062,9.634769,14.21156
12.551955,12.386088,12.421947
13.459809,9.320138,9.308464
13.184586,8.994762,13.2048645
12.914465,13.179247,8.69855
12.912357,13.019557,12.755498
10.385353,10.260439,14.149068
12.931919,8.811427,8.780504
10.593829,8.043615,8.034058
12.417023,11.361353,9.325607
14.137591,9.5727005,12.865228
9.586079,11.62439,9.477731
11.73087,14.211361,10.135744
12.818268,12.349722,12.788505
13.84163,8.709583,8.667708
9.552242,13.774761,9.40399
8.520149,12.802776,12.90516
14.1403,13.068236,10.056946
9.629233,12.529891,9.513187
10.651782,15.407148,15.38646
10.841733,15.865454,10.723002
10.831438,15.879366,10.693885
16.33211,10.497365,10.464565
15.867627,10.252052,14.268497
13.955957,10.221896,10.192773
8.4058,13.254024,8.288109
10.707379,10.598498,14.707869
12.6323595,8.909385,13.18125
14.385862,10.372022,15.606856
11.964269,13.657236,9.656683
13.958546,9.922727,9.91953
10.0037365,13.231371,9.822638
13.274136,7.498252,7.437537
12.549519,12.371689,12.393991
8.953882,13.202323,13.357123
9.873255,9.767643,13.474313
8.868458,12.471784,8.746742
12.61816,13.508904,13.31552
13.178714,14.081723,9.866173
12.549376,12.393453,12.397006
10.565475,15.518443,14.145714
15.610681,10.332071,10.285431
13.659537,15.2481785,10.12517
13.02704,9.042406,12.990489
9.638033,13.140207,9.475651
13.366551,8.452743,8.4157295
9.516289,13.921698,12.980601
9.919031,13.344017,13.695219
9.633732,12.31735,9.502837
12.889878,13.621471,9.757856
12.779985,12.842295,8.851774
13.485437,13.206562,9.689443
9.926476,14.375379,12.858402
12.798834,14.288821,9.649687
8.789815,9.051009,8.654539
10.010273,8.093323,8.096929
12.498752,11.347152,13.81638
13.42888,8.7532,8.695376
13.0566225,14.051001,9.000754
13.765375,13.605756,8.607632
7.8533325,11.851614,7.7120395
10.024585,9.942555,13.166483
9.411236,12.449436,9.292497
8.788109,12.409497,8.683314
12.539598,12.369376,12.420182
12.985314,8.869144,8.845471
14.227775,9.48747,9.476026
13.722628,13.892781,13.065364
8.661236,12.865488,8.529194
10.157938,10.038816,12.85366
9.735558,13.477701,9.602707
14.36721,9.738669,9.751128
9.144813,12.860179,13.427015
8.883951,12.4391985,8.749563
15.389914,10.74981,10.751249
7.9045877,13.17648,7.7819023
14.2277155,14.566337,10.1857815
13.565759,10.134802,10.12553
8.9646015,12.831406,8.848258
9.982731,12.980675,9.855106
8.793001,13.089579,8.66226
9.377195,12.065184,12.428862
9.651347,9.525872,13.500075
8.451935,9.765183,8.319121
10.12826,9.740383,9.719761
8.464481,10.442816,10.515533
8.410589,11.178516,8.301884
10.228491,13.895126,15.404644
13.347948,13.035113,12.860871
9.301277,13.287684,11.66641
13.944437,10.328016,10.332966
13.42206,9.238939,9.20124
13.412814,13.04245,8.092263
13.304577,13.705338,8.452794
10.4159155,10.337677,15.441187
10.379212,10.228933,15.091543
9.423519,13.193577,9.3228
15.623352,14.236933,10.330932
10.2399235,14.5175705,10.111002
13.049664,12.597235,12.807214
8.48876,12.918797,8.3962755
12.634214,12.900487,13.223234
8.245635,8.168743,12.126614
8.154341,12.490728,8.029991
8.526154,11.943767,13.008138
13.559579,12.419732,9.663927
7.9023585,12.533097,12.876079
12.029013,12.531339,9.228416
8.245527,12.2914915,8.137234
10.299889,14.742996,10.214296
12.916737,12.862156,11.843193
9.135628,12.110934,9.045932
10.297722,13.646702,10.154548
8.517069,12.502579,8.396389
8.475066,13.011057,8.385351
9.827059,13.958305,9.730907
9.57756,13.714262,13.724107
9.467252,11.008629,9.323674
14.694332,10.088071,10.051724
10.606664,14.666604,10.473322
14.881061,14.778812,10.265223
14.921376,15.026545,10.3302765
12.622098,13.398451,8.879536
12.56284,12.37536,12.421552
9.392315,11.349292,9.249543
13.273561,12.287831,8.668778
10.216116,13.613531,10.0610285
9.246294,12.692976,14.308622
13.609704,13.202944,8.59949
12.517556,13.188079,9.15551
12.725293,13.005393,7.6739745
10.283245,14.11709,14.338233
9.686272,12.981603,9.562105
13.045476,12.436627,12.239843
13.069742,9.3676815,9.348822
13.344876,10.038214,10.019103
12.252245,13.248598,8.523808
8.930208,11.387349,13.39955
12.528332,12.3826475,12.399415
9.824663,12.905694,9.701549
10.085781,12.815037,9.981088
8.980143,12.398234,8.878974
13.772354,10.429759,10.44303
13.629412,9.516953,9.487972
13.396667,9.247868,9.221984
9.742559,13.172678,13.650827
9.680817,12.134413,9.5626745
12.674061,12.594738,9.548238
13.051528,9.763941,9.763917
9.819761,12.862306,9.709569
13.033846,12.440056,8.9722595
9.279273,14.005921,13.2710085
9.713047,9.587609,13.98124
13.649678,9.602366,9.568165
9.064108,12.604863,8.926726
11.281644,8.7106285,12.730575
12.8802,8.91164,8.897631
12.780543,13.749776,9.549281
14.000311,14.109001,9.686445
9.447938,12.986406,9.299954
15.349719,14.137627,10.395206
9.338087,13.320553,9.209943
12.939715,9.492309,12.932957
13.451833,13.640807,8.553814
14.341606,13.085561,9.835775
9.897172,9.773546,12.460977
12.680449,13.135448,9.496342
9.440819,12.423693,9.333921
12.546114,12.795268,9.071109
12.3887005,13.682173,12.588821
9.22702,13.865849,13.531029
14.031353,14.014904,13.453063
13.404067,7.3715467,7.3338137
9.8394785,12.732725,9.713078
14.23585,13.942602,13.33095
12.130626,13.075632,14.211876
9.008423,8.91365,12.061766
12.507013,9.028252,8.979357
9.719903,13.221085,13.545506
12.791856,13.479832,9.449461
10.029235,12.944913,9.907593
13.082707,9.842061,9.826964
10.618263,13.090488,12.019481
9.710417,13.391612,13.187338
12.306879,7.991552,7.9489994
13.288687,13.167553,12.677672
13.945075,13.051961,9.484159
13.984215,13.616736,13.469273
13.33659,7.903962,7.9003177
9.046545,12.511645,8.904842
10.135567,13.220126,10.018901
11.73934,12.911402,8.729843
10.129271,13.333221,9.978222
12.721387,13.726059,12.539475
10.216814,13.781977,10.090862
11.712537,9.142939,9.137709
13.974058,10.396147,10.409195
12.742333,12.423807,9.374256
13.221535,9.496864,12.439246
9.112848,12.562554,8.9492445
9.152734,12.45366,9.022944
9.166365,13.358301,12.35997
15.351215,10.465472,15.028357
10.394396,10.282197,14.605808
9.257408,12.32201,13.504172
13.273142,9.369793,9.33066
13.756254,13.606876,12.815229
15.027544,12.849676,15.18662
10.583714,14.071289,15.211269
9.307698,12.716407,13.660124
13.799179,10.048342,13.667158
12.926096,9.556919,13.824638
12.9557295,9.784833,9.78127
8.4913645,12.647822,8.370419
11.616719,13.8037195,9.322309
11.87282,8.807499,8.806442
8.661565,13.137065,8.5299835
9.093149,12.570168,8.964809
9.628903,13.714657,9.5056095
13.771817,14.008864,13.519526
12.553509,13.174923,8.524048
9.443225,12.715843,12.142318
11.623056,12.744294,12.736423
9.410526,13.414082,9.29095
9.203651,12.087571,12.01376
12.532003,12.398253,12.421296
12.508032,12.932846,9.505711
9.2401085,13.368386,9.137676
9.982041,13.278595,9.862413
9.149975,9.0805,12.341524
8.768956,8.65153,12.374392
9.014686,8.936869,13.229233
8.605609,11.774406,8.466822
10.284848,11.301195,8.5395
8.580019,11.704438,8.469222
9.645491,13.150901,9.531415
12.550494,12.073872,8.623266
12.252744,8.783544,8.730379
13.600031,13.1276655,9.091674
8.285273,12.850666,8.151939
12.684669,12.275835,9.430695
13.61219,13.438166,9.085096
13.205937,12.653515,8.850437
9.835559,12.874656,9.692549
12.2437525,13.101343,13.0812645
13.973432,10.508288,10.493977
12.640059,9.11362,13.158783
12.992563,13.225377,7.9843082
15.007535,12.983077,9.361507
10.266046,12.187468,10.147367
10.586491,12.352427,12.438549
12.997252,13.141756,9.46672
9.259897,13.213195,9.124801
13.196438,13.245943,12.192771
12.548914,13.502524,13.02664
10.138563,12.765805,10.010979
8.248468,13.326572,12.58551
13.20087,11.517538,8.896129
9.072232,12.020828,8.985717
13.413256,12.782126,12.204243
8.041107,7.9523873,11.197508
11.819861,8.443137,8.429324
12.827205,13.1016865,9.255486
10.610729,15.163235,10.50665
15.125372,13.877979,10.366884
9.88363,13.862423,9.79617
10.040757,13.468263,9.943717
8.873631,11.970405,8.780275
8.988031,13.33582,8.895463
10.397797,10.286671,14.420868
13.3881035,12.846379,7.834876
13.154116,13.134219,13.4876995
10.710844,10.61339,15.240393
15.432512,10.61199,10.627923
10.611772,15.280344,14.437776
9.816937,9.752601,14.182434
13.852867,13.834896,9.920165
13.831315,10.6218195,10.649933
10.267199,13.344605,10.122965
9.018009,12.488539,8.930886
8.535392,12.185294,11.528319
12.335792,7.832929,7.7779546
10.423291,14.111744,10.314404
14.532962,9.777627,9.779495
12.654005,12.542509,9.206783
13.266133,12.209756,8.724577
8.88565,13.036563,8.770735
13.397052,12.565785,12.550611
10.003813,14.285321,9.89492
8.784301,12.550101,12.082059
9.780643,13.6847725,14.542021
14.3391695,14.051315,9.680762
13.752275,9.333767,11.689148
16.15161,10.685543,10.67853
9.379787,9.291176,13.006219
9.774359,12.935474,9.624695
9.690235,13.581357,13.600259
13.54532,13.237135,12.094086
9.163212,13.459007,9.056777
12.783943,8.626722,8.585051
12.65157,13.161739,12.404056
8.748192,12.360897,8.619703
10.111792,13.20106,10.004885
9.594578,9.500889,11.724327
12.833224,12.925693,13.164234
12.796228,9.555778,9.581499
9.936968,9.798156,11.761071
12.841906,9.002439,12.289892
9.75111,12.329435,9.604812
13.159021,13.083536,8.897462
9.680896,11.870502,12.632056
12.731428,9.836815,9.836315
14.250235,13.264448,12.941006
12.111382,12.824852,8.956314
10.889131,14.069563,10.769047
13.072728,9.789909,13.262022
9.880675,9.800575,13.451668
10.131622,10.069397,14.08456
14.5537815,13.738752,10.198832
9.035244,12.766035,8.882641
12.823443,13.456595,13.623903
13.768033,13.88605,9.098916
13.737329,12.718922,8.7593155
9.668718,12.907848,9.535564
9.540743,13.135836,9.451056
8.763174,12.757901,8.666183
9.851472,12.330622,9.757198
9.864828,11.340634,9.738723
12.930163,8.685669,8.654017
9.8761425,12.5468235,9.7562
12.890424,7.0392814,7.006562
9.032553,8.935422,12.312501
11.759284,8.507389,12.572424
11.327278,7.791362,12.66807
12.635829,13.245102,9.096884
13.272493,9.814721,13.6613655
13.287616,12.891383,13.6257515
8.645038,12.789615,13.121022
10.108372,12.834403,9.995414
13.8591795,13.652784,13.56602
8.765972,11.521538,8.650629
10.189214,12.710573,10.04869
8.735788,11.589577,12.688326
8.701212,12.416287,10.009266
8.854076,10.889941,11.328395
12.337742,8.925394,8.895947
12.589944,12.708633,9.521639
13.125919,11.365631,9.514055
9.639885,12.217992,9.550625
11.186829,11.95821,8.649253
8.976667,12.738698,8.893534
9.840979,9.742237,13.001627
13.713914,13.042256,9.318201
11.929686,10.203394,15.220873
10.30224,13.629832,10.17617
8.460005,12.860277,8.351189
8.457226,12.804535,12.789696
11.55355,11.837124,8.981703
8.918871,12.430853,8.769964
9.383435,12.296674,9.259312
8.459072,12.671118,8.322449
15.584235,14.094411,10.309283
10.140531,13.834507,10.016829
12.337032,12.826715,8.933511
10.105803,14.59053,10.009705
9.836712,9.729055,12.678223
13.615326,8.874173,8.809249
13.80936,8.948055,12.958219
13.222442,14.092847,9.916098
12.011777,11.49998,9.01879
9.362089,13.268914,9.253516
15.083824,13.8434925,10.08184
9.577977,14.155249,12.197151
13.756103,12.977395,13.349475
12.993301,9.128276,9.108925
13.633325,9.920437,9.887849
9.082388,9.018958,13.850813
12.551217,12.402467,12.39391
9.445411,13.810063,9.325528
8.464159,12.423626,8.352648
9.652804,12.4529085,14.16874
13.742603,14.203709,10.201382
12.561881,12.400668,12.4201145
8.9523325,8.870755,12.885052
12.724807,9.258667,11.265051
9.236198,12.996814,13.035851
12.358057,12.9145155,9.584467
12.75664,12.852847,14.029276
13.09656,9.84124,9.825943
13.088393,13.291473,12.741249
9.226779,13.870535,9.13094
8.990129,13.4917,8.866211
10.63746,14.858246,10.492102
15.123699,14.594881,10.34574
10.199792,14.250042,10.106639
10.260872,13.481147,10.12508
12.54986,12.39799,12.411181
9.096134,13.060731,9.002576
8.463503,12.513641,8.331448
10.564325,15.592752,10.436684
13.524284,9.448127,9.425326
9.717699,13.081936,12.935573
9.398979,12.9471035,9.27353
10.266421,13.296589,10.14346
12.6026945,13.206608,12.822674
8.822502,13.134592,12.965714
8.840047,12.701413,8.715012
12.146012,11.7649765,8.537771
8.553272,11.404471,8.435537
10.559675,14.085711,10.453752
8.940136,13.064521,13.189804
10.1149025,10.00223,13.27735
13.148501,8.896562,8.867355
9.6804905,12.299302,9.532483
9.490422,9.361445,12.277573
9.492798,9.421241,12.938618
12.956661,12.583405,9.008677
10.452982,14.645623,14.362185
13.183924,9.34791,9.298706
10.380778,10.2697,13.413379
7.9383073,12.108625,13.436089
12.552791,12.393045,12.40119
15.253137,13.94806,12.655363
12.572519,12.866014,12.794169
12.539522,12.457334,9.357615
8.981503,12.37929,8.855648
9.08357,12.347159,8.986712
12.504405,8.796469,8.791417
10.314907,10.168644,12.459744
9.395252,13.180611,9.276831
10.113945,13.908123,13.69464
13.074068,13.104941,8.767059
12.842377,8.0600395,8.015463
10.450062,8.419337,11.902559
12.261859,13.149889,9.350943
10.520128,14.039466,10.420321
10.101499,13.620266,9.943976
9.039385,13.325136,11.876581
9.564267,13.364288,9.449556
9.001848,11.968998,8.897708
9.177073,9.09043,13.115999
12.736224,12.815595,12.590954
14.055801,9.046862,12.589686
10.274235,10.145906,12.789653
12.190008,12.074315,9.883264
8.423851,8.333615,10.499761
8.843553,8.750481,12.612364
9.8482275,13.430972,9.731633
9.292229,13.075087,14.062765
8.3311,12.500298,13.496225
8.670605,12.064839,8.54851
12.671668,13.267784,12.834361
10.428471,9.77759,7.754929
12.507962,9.355831,9.366588
12.958246,12.446656,8.548075
12.906683,12.469741,11.373256
9.710447,13.813412,9.598818
10.148085,10.049965,13.281391
11.6379595,9.26439,9.255631
9.334073,12.446924,12.594027
8.7658205,8.686923,13.049298
12.429497,9.210367,11.566275
8.528457,12.365412,12.835458
9.247011,9.11312,11.701062
9.654218,9.547281,12.970681
8.184212,11.231159,8.063999
15.492205,10.56621,10.558315
10.844504,10.742466,15.011526
14.665047,10.726381,10.732808
14.984488,10.726643,10.697874
14.472139,14.08522,10.079887
12.505623,11.483443,11.327649
8.539442,11.640491,8.436848
8.411343,12.449743,12.408606
12.392549,13.205122,13.141155
12.570654,12.938279,12.376493
13.418437,13.184245,13.772604
9.41316,9.332396,13.1632
14.281804,14.035134,9.756335
9.699643,12.195972,9.58208
13.653314,13.431694,9.620874
14.154719,9.470992,12.750838
8.873266,13.058527,8.760744
12.050436,12.676312,8.522839
11.330758,11.55753,8.91747
9.698975,12.415341,9.573346
8.844969,11.806648,8.758803
9.508947,12.995558,12.701919
9.813995,13.2679,9.702052
10.343096,10.201961,14.690896
10.196014,10.09389,14.803587
13.4140625,10.078163,14.665928
12.348572,9.797541,9.796543
9.594151,12.819296,13.356753
13.766563,12.944014,9.422626
10.468581,14.583775,10.368595
10.69347,14.288393,10.552728
10.662328,14.090024,10.5516
13.566397,13.302243,8.467785
14.188252,10.159198,10.143005
13.741613,13.607938,9.822949
13.658865,13.222698,13.192156
12.712147,8.693841,12.835639
13.097484,13.03225,12.866479
9.179719,12.711325,9.031843
9.634559,13.579502,9.530476
12.9822445,8.172247,8.138101
14.5364065,10.595701,10.606326
10.538926,10.411144,14.664871
9.654863,11.78875,9.52828
11.871201,11.092171,8.249366
9.014726,12.479332,8.888651
7.847888,13.037412,7.76844
13.61335,9.563829,9.532318
13.558165,8.502893,8.477043
12.827472,9.389388,9.404448
12.526324,12.377482,12.426239
12.927057,12.485385,13.703498
8.810293,12.55881,8.6809435
9.598754,12.614855,9.482485
9.345569,13.460948,13.543011
9.736834,13.892884,9.60674
11.541998,8.673557,8.632738
12.071561,9.316698,12.541437
10.06,9.969436,13.064744
12.82922,7.1518493,7.113542
8.98374,13.259825,8.881244
9.839647,12.347677,9.731115
8.65127,11.9349985,12.398115
13.012668,8.112679,8.043573
12.538968,12.405195,12.417964
9.104573,13.037556,8.995622
9.04865,12.665777,13.019806
13.006723,10.084165,10.068574
13.608982,13.455968,8.908145
9.690443,13.494612,9.573433
10.174101,13.207768,10.023199
13.416301,13.117262,13.802881
13.71993,13.337418,12.591365
9.787888,9.694696,12.977856
9.151837,9.043949,13.172614
10.04741,12.97412,9.91235
7.475655,12.574188,7.392475
8.335966,12.435691,8.191122
9.147831,14.20554,9.022255
13.752865,13.237914,8.620472
9.024664,13.586926,13.299743
8.604467,8.4587555,9.921865
8.193468,8.09643,10.28347
7.80937,7.692124,10.665355
9.151309,11.46849,12.064308
9.874965,12.451438,9.748308
10.034246,12.962784,9.905982
13.246129,9.657758,13.578646
9.236615,12.937197,9.133545
8.949649,13.122165,8.827946
9.455598,12.705661,12.318113
13.111257,9.143398,9.096597
13.283085,12.980288,9.241152
13.222006,12.030514,12.660221
10.889551,10.785507,15.3568
10.968277,10.815223,15.105007
15.542288,10.862342,10.875366
15.895724,10.407299,10.389441
14.273198,10.453785,10.430488
10.137604,13.50356,10.040221
12.662946,13.030707,9.385914
12.539199,12.386658,12.405589
9.622649,12.221889,9.477704
9.308739,12.893333,9.214792
8.501108,13.60208,8.397438
9.925658,12.668476,15.042168
8.871044,12.528789,13.043291
13.573442,13.203493,9.7061205
10.867044,9.413651,9.434564
10.959089,8.1451235,8.105682
12.336082,8.650859,8.654602
9.385004,13.401592,12.937278
8.883067,12.435696,8.763612
10.451508,13.045206,10.315716
13.489101,10.141686,10.127607
8.487549,8.385541,11.132481
12.479757,9.711205,9.707364
12.393142,8.765697,12.595681
10.164197,8.559937,12.96125
15.65604,10.545463,14.741955
12.548543,12.401224,12.416811
9.878224,13.220835,9.732929
14.016549,14.011284,9.93712
10.3151655,13.805206,10.183643
9.836114,13.311372,9.733877
7.9051776,12.179913,7.8099084
8.9542055,13.507536,12.846186
13.399958,7.5169024,7.4588556
13.52557,13.219736,13.304147
9.154737,12.312461,9.038492
13.37025,10.232639,10.253349
9.368554,12.555911,9.255352
9.336548,13.013466,9.248871
10.524556,14.393703,10.417532
14.196547,10.216554,10.222659
9.868096,14.313692,9.733769
10.00265,13.338093,9.861342
13.444667,9.970522,12.074341
13.481875,10.04896,10.011344
12.998151,10.022901,10.005136
